Organization,Project Name,Project (sq.ft.),Project Address,Zip Code,1 Star,2 Star,3 Star,4 Star,5 Star,AEGB Rating,LEED Certification,Building Use,Agreements,Voluntary Participation,Program,Rating Version,Fiscal Year Reported,PropertyID,New Georeferenced Column,Stories Above Grade,Number of Residential Units,Fiscal Year Date,Fiscal Year End Date,City,State
,Ella Wooten Park at Mueller,3430,2047 MCCLOSKEY ST,78723,0,0,0,1,0,4-star,,Other,Mueller Development (PUD),No,Commercial,Commercial Rating 2006,2008,,POINT (-97.702713608 30.292802699),1,,10/01/2007,09/30/2008,Austin,TX
,AUS Administration Building,81800,3600 PRESIDENTIAL BLVD,78719,0,0,0,0,0,,Gold,Office,,Yes,Commercial,LEED BD+C: New Construction v3 - LEED 2009,2021,,POINT (-97.667525009 30.20215699),5,,10/01/2020,09/30/2021,Austin,TX
,Turner Roberts Recreation Center,14800,7201 COLONY LOOP DR,78724,0,0,1,0,0,3-star,Silver,Other,,Yes,Commercial,Commercial Rating 2006,2011,,POINT (-97.635997989 30.300327013),1,,10/01/2010,09/30/2011,Austin,TX
,LIVESTRONG Foundation,28242,505 ROBERT T MARTINEZ JR ST,78702,0,0,0,1,0,4-star,,Office,,Yes,Commercial,Commercial Rating 2008,2009,,POINT (-97.718582376 30.260134089),1,,10/01/2008,09/30/2009,Austin,TX
,City of Austin Planning & Development Center,262800,6310 WILHELMINA DELCO DR,78752,0,0,0,1,0,4-star,,Office/ Retail,,Yes,Commercial,COMMERCIAL RATING 2016,2021,,POINT (-97.71631 30.33275),5,0,10/01/2020,09/30/2021,Austin,TX
,Domain 12,325307,11800 ALTERRA PKWY,78758,0,0,0,0,0,,Gold,Office,"Domain (PDA), Domain - LEED only",No,Commercial,LEED BD+C: Core and Shell v3 - LEED 2009,2020,,POINT (-97.719360961 30.404095981),17,,10/01/2019,09/30/2020,Austin,TX
,Shops at Braker Domain,13140,3310 W BRAKER LN,78758,1,0,0,0,0,1-star,,Retail,North Burnet/Gateway,No,Commercial,Commercial Rating 2010,2017,,POINT (-97.725987024 30.393022984),1,,10/01/2016,09/30/2017,Austin,TX
,Austin Energy Town Lake Center 5th Floor,17980,721 BARTON SPRINGS RD,78704,0,0,0,0,0,,Silver,Office,,Yes,Commercial,LEED ID+C: Commercial Interiors v3 - LEED 2009,2017,,POINT (-97.751976036 30.258649006),1,,10/01/2016,09/30/2017,Austin,TX
,EcoMat of Austin,19885,2915 GUADALUPE ST,78705,0,0,0,0,0,pilot,,Retail,,Yes,Commercial,Pilot Commercial Rating,1998,,POINT (-97.742155966 30.295759002),1,,10/01/1997,09/30/1998,Austin,TX
,Dell Pediatric Research Institute,150000,1400 BARBARA JORDAN BLVD,78723,0,0,0,0,0,,Gold,Other,Mueller LEED only,No,Commercial,LEED BD+C: New Construction v2 - LEED 2.2,2009,,POINT (-97.704081003 30.304783001),3,,10/01/2008,09/30/2009,Austin,TX
,Velocity Credit Union - Downtown Branch,5251,705 E 12TH ST,78701,1,0,0,0,0,1-star,,Office,Downtown (CBD-DMU),No,Commercial,COMMERCIAL RATING 2016,2021,,POINT (-97.73368203 30.271613002),1,0,10/01/2020,09/30/2021,Austin,TX
,Dell Children's - Specialty Pavilion,161320,4910 MUELLER BLVD,78723,0,0,0,1,0,4-star,,Office/ Health Care,"Mueller Development (PUD), Mueller LEED only",No,Commercial,COMMERCIAL RATING 2016,2023,,POINT (-97.706071035 30.302221994),4,,10/01/2022,09/30/2023,Austin,TX
,AISD Southeast Bus Terminal,20650,7200 BLUFF SPRINGS RD,78745,0,1,0,0,0,2-star,,Office/ Other,,Yes,Commercial,Commercial Rating 2009,2013,,POINT (-97.771318032 30.182329011),1,,10/01/2012,09/30/2013,Austin,TX
,Eyemasters at Mueller,3490,1201 BARBARA JORDAN BLVD 14 UNIT 1480,78723,0,0,1,0,0,3-star,,Retail,Mueller Development (PUD),No,Commercial,Commercial Rating 2006,2010,,POINT (-97.70985999 30.30557002),1,,10/01/2009,09/30/2010,Austin,TX
,St. David's Foundation,47215,1303 SAN ANTONIO ST,78701,1,0,0,0,0,1-star,,Office/ Retail,Downtown (CBD-DMU),No,Commercial,Commercial Rating 2010,2016,,POINT (-97.744427965 30.276640006),8,,10/01/2015,09/30/2016,Austin,TX
,Covered Bridge Village - Retail Building 1,4880,8701 W SH 71,78735,0,1,0,0,0,2-star,,Retail/ Restaurant/ Other,Covered Bridge PUD,No,Commercial,COMMERCIAL RATING 2013,2018,,POINT (-97.895536999 30.249849013),1,,10/01/2017,09/30/2018,Austin,TX
,2100 Nueces Street,188607,2100 NUECES ST,78705,1,0,0,0,0,1-star,,Residential,University Neighborhood Overlay (UNO),No,Commercial,COMMERCIAL RATING 2016,2019,,POINT (-97.744359988 30.28416201),18,158,10/01/2018,09/30/2019,Austin,TX
,Church of Conscious Harmony,30435,7406 NEWHALL LN,78746,0,0,0,0,0,pilot,,Worship,,Yes,Commercial,Pilot Commercial Rating,2000,,POINT (-97.844727998 30.307431012),1,,10/01/1999,09/30/2000,Austin,TX
,Frost Bank - Mueller,4760,1200 BARBARA JORDAN BLVD 2,78723,0,0,0,0,0,,Gold,Office,Mueller LEED only,No,Commercial,LEED BD+C: New Construction v2 - LEED 2.1,2010,,POINT (-97.70983803 30.307796002),1,,10/01/2009,09/30/2010,Austin,TX
,Container Bar,2215,610 DAVIS ST,78701,1,0,0,0,0,1-star,,Office/ Other,Downtown (CBD-DMU),No,Commercial,Commercial Rating 2010,2017,,POINT (-97.738455021 30.260315999),2,,10/01/2016,09/30/2017,Austin,TX
,Holdsworth Center,194000,4907 FM 2222 RD,78731,0,0,0,1,0,4-star,,Office/ Restaurant/ Hotel/ School/ Other,Holdsworth Center PUD,No,Commercial,COMMERCIAL RATING 2016,2022,,POINT (-97.753635 30.35873),31,247,10/01/2021,09/30/2022,Austin,TX
,2100 San Antonio Apartments,232542,2100 SAN ANTONIO ST,78704,1,0,0,0,0,1-star,,Residential/ Worship,"University Neighborhood Overlay (UNO), S.M.A.R.T. Housing",No,Commercial,COMMERCIAL RATING 2013,2018,,POINT (-97.743271011 30.284163016),19,188,10/01/2017,09/30/2018,Austin,TX
,AISD Jaime D. Padròn Elementary School,160070,2011 RUNDBERG LN,78758,0,0,0,1,0,4-star,Gold,School,,Yes,Commercial,Commercial Rating 2009,2015,,POINT (-97.720049032 30.373526006),1,,10/01/2014,09/30/2015,Austin,TX
,AISD Hill Elementary Renovations/Library Addition,70185,8601 TALLWOOD DR,78759,0,0,0,0,0,pilot,,School,,Yes,Commercial,Pilot Commercial Rating,2001,,POINT (-97.748703993 30.376637997),1,,10/01/2000,09/30/2001,Austin,TX
,Ann Richards School for Young Women Leaders,205750,2309 PANTHER TRL,78704,0,0,0,1,0,4-star,Silver,School,,Yes,Commercial,COMMERCIAL RATING 2016,2022,,POINT (-97.78828401 30.236441991),1,,10/01/2021,09/30/2022,Austin,TX
,Blazier Intermediate School,137172,8801 VERTEX BLVD,78744,0,0,0,1,0,4-star,,School,,Yes,Commercial,COMMERCIAL RATING 2016,2022,,POINT (-97.752777131 30.152859745),3,,10/01/2021,09/30/2022,Austin,TX
,Dell Children's Medical Center of Central Texas at Mueller,475000,4900 MUELLER BLVD,78723,0,0,0,0,1,5-star,Platinum,Health Care,Mueller Development (PUD),No,Commercial,Commercial Rating 2006,2008,,POINT (-97.706609991 30.303677009),3,,10/01/2007,09/30/2008,Austin,TX
,AISD Stephen F. Austin High School Additions and Renovations,21350,1715 W CESAR CHAVEZ ST,78703,0,0,1,0,0,3-star,,School,,Yes,Commercial,Commercial Rating 2009,2011,,POINT (-97.767058014 30.273657013),2,,10/01/2010,09/30/2011,Austin,TX
,Harrison Building,10803,3205 INDUSTRIAL TER,78758,1,0,0,0,0,1-star,,Office/ Warehouse,North Burnet/Gateway,No,Commercial,COMMERCIAL RATING 2013,2020,,POINT (-97.732369005 30.38090602),2,,10/01/2019,09/30/2020,Austin,TX
,The Austonian,648224,200 CONGRESS AVE,78701,0,0,0,1,0,4-star,,Residential/ Retail,Downtown (CBD-DMU),No,Commercial,Commercial Rating 2006,2012,,POINT (-97.744490997 30.264792983),56,163,10/01/2011,09/30/2012,Austin,TX
,The Whitley,281700,301 BRAZOS ST,78701,0,0,1,0,0,3-star,Silver,Residential/ Office/ Retail/ Other,Downtown (CBD-DMU),No,Commercial,Commercial Rating 2010,2014,,POINT (-97.741889003 30.265021012),17,262,10/01/2013,09/30/2014,Austin,TX
,Domain 2.5,60030,11809 DOMAIN DR,78758,0,0,0,0,0,,Silver,Office,Domain - LEED only,No,Commercial,LEED BD+C: Core & Shell v4,2023,,POINT (-97.72309401 30.404331009),4,,10/01/2022,09/30/2023,Austin,TX
,South Block FLR - II,27800,405 N LAMAR BLVD,78703,1,0,0,0,0,1-star,,Office/ Retail,Downtown (CBD-DMU),No,Commercial,Commercial Rating 2010,2014,,POINT (-97.754579958 30.269402987),3,,10/01/2013,09/30/2014,Austin,TX
,Mueller Central at Mueller,8540,4550 MUELLER BLVD,78723,0,0,0,1,0,4-star,Gold,Office,Mueller Development (PUD),No,Commercial,Commercial Rating 2006,2007,,POINT (-97.707302001 30.297201988),1,,10/01/2006,09/30/2007,Austin,TX
,Sienna at the Thompson,640892,501 BRAZOS ST,78701,0,1,0,0,0,2-star,,Residential/ Retail/ Hotel,"Downtown (CBD-DMU), Downtown Density Bonus Program (DDBP)",No,Commercial,COMMERCIAL RATING 2016,2023,,POINT (-97.741174026 30.266868007),32,331,10/01/2022,09/30/2023,Austin,TX
,Third & Trinity Restaurants - Shell Building,19244,305 E 3RD ST,78701,1,0,0,0,0,1-star,,Restaurant,,Yes,Commercial,Pilot Commercial Rating,2005,,POINT (-97.740811006 30.264107008),2,,10/01/2004,09/30/2005,Austin,TX
,Austin Habitat for Humanity ReStore and Headquarters,52446,500 W BEN WHITE BLVD,78704,0,0,0,1,0,4-star,,Office/ Retail/ Warehouse,,Yes,Commercial,COMMERCIAL RATING 2013,2019,,POINT (-97.767864018 30.226638015),1,,10/01/2018,09/30/2019,Austin,TX
,Public,281710,4361 S CONGRESS AVE,78745,0,1,0,0,0,2-star,,Residential/ Office,4367 S Congress Ave (RCA),No,Commercial,COMMERCIAL RATING 2013,2019,,POINT (-97.766548981 30.217600982),7,,10/01/2018,09/30/2019,Austin,TX
,The Villas at Nueces,143696,2207 NUECES ST,78705,1,0,0,0,0,1-star,,Residential,University Neighborhood Overlay (UNO),No,Commercial,COMMERCIAL RATING 2016,2020,,POINT (-97.743544009 30.285625993),7,99,10/01/2019,09/30/2020,Austin,TX
,Old Navy at Mueller,14980,1201 BARBARA JORDAN BLVD 5,78723,0,0,1,0,0,3-star,,Retail,Mueller Development (PUD),No,Commercial,Commercial Rating 2006,2007,,POINT (-97.709006964 30.306354021),1,,10/01/2006,09/30/2007,Austin,TX
,Daniel E. Ruiz Branch Library,20110,1600 GROVE BLVD,78741,0,0,1,0,0,3-star,,Library,,Yes,Commercial,Pilot Commercial Rating,2005,,POINT (-97.707050963 30.229867017),2,,10/01/2004,09/30/2005,Austin,TX
,Amplify Credit Union Esperanza Crossing Branch,8730,2800 ESPERANZA XING 2,78758,1,0,0,0,0,1-star,,Other,North Burnet/Gateway,No,Commercial,COMMERCIAL RATING 2013,2017,,POINT (-97.718582031 30.398529014),1,,10/01/2016,09/30/2017,Austin,TX
,Mary Elizabeth Branch Park Pavilion,12271,2006 PHILOMENA ST,78723,0,0,1,0,0,3-star,,Other,Mueller Development (PUD),No,Commercial,COMMERCIAL RATING 2016,2022,,POINT (-97.702709996 30.300002219),35,249,10/01/2021,09/30/2022,Austin,TX
,City of Austin Fire Station #3 - Women's Locker Room Addition,275,201 W 30TH ST,78705,0,0,0,0,0,pilot,,Municipal,,Yes,Commercial,Pilot Commercial Rating,2007,,POINT (-97.738760038 30.29466399),1,,10/01/2006,09/30/2007,Austin,TX
,Chipotle- Sunset Valley,2800,5400 BRODIE LN UNIT 1240,78745,0,0,1,0,0,3-star,,Restaurant,,Yes,Commercial,Pilot Commercial Rating,2002,,POINT (-97.822666996 30.227786),1,,10/01/2001,09/30/2002,Austin,TX
,The Girls' School of Austin,12400,2007 MCCALL RD,78703,0,0,0,1,0,4-star,,School,,Yes,Commercial,Commercial Rating 2010,2014,,POINT (-97.763413981 30.292829988),2,,10/01/2013,09/30/2014,Austin,TX
,Waterfront Phase 2,420000,2300 CLOUD WAY,78741,0,0,0,1,0,4-star,,Office,Lakeshore (PUD),No,Commercial,COMMERCIAL RATING 2016,2022,,POINT (-97.721996274 30.243022702),2,,10/01/2021,09/30/2022,Austin,TX
,House Pizzeria,2400,5111 AIRPORT BLVD,78751,0,0,0,1,0,4-star,,Restaurant,,Yes,Commercial,Commercial Rating 2007,2010,,POINT (-97.715007988 30.31273399),1,,10/01/2009,09/30/2010,Austin,TX
,Dental Smiles at Mueller,2500,1201 BARBARA JORDAN BLVD 14 UNIT 1435,78723,0,0,1,0,0,3-star,,Health Care,Mueller Development (PUD),No,Commercial,Commercial Rating 2006,2011,,POINT (-97.70985999 30.30557002),1,,10/01/2010,09/30/2011,Austin,TX
,Moxy Hotel Austin,87000,2552 GUADALUPE ST,78705,1,0,0,0,0,1-star,,Hotel,University Neighborhood Overlay (UNO),No,Commercial,COMMERCIAL RATING 2016,2021,,POINT (-97.741653974 30.290189982),4,0,10/01/2020,09/30/2021,Austin,TX
,Eastlake at Tillery,174153,3212 E CESAR CHAVEZ ST,78702,0,0,1,0,0,3-star,,Office,,Yes,Commercial,COMMERCIAL RATING 2016,2021,,POINT (-97.707789996 30.252283998),3,0,10/01/2020,09/30/2021,Austin,TX
,Topgolf Austin,56620,2700 ESPERANZA XING,78758,1,0,0,0,0,1-star,,Retail/ Restaurant,North Burnet/Gateway,No,Commercial,Commercial Rating 2010,2015,,POINT (-97.717474027 30.398235019),3,,10/01/2014,09/30/2015,Austin,TX
,AISD Lanier High School,14300,1201 PAYTON GIN RD,78758,0,1,0,0,0,2-star,,School,,Yes,Commercial,Commercial Rating 2009,2013,,POINT (-97.708061988 30.360306991),1,,10/01/2012,09/30/2013,Austin,TX
,Elements at Mueller,370200,4646 MUELLER BLVD,78723,0,0,1,0,0,3-star,,Residential,"Mueller Development (PUD), S.M.A.R.T. Housing",No,Commercial,Commercial Rating 2007,2014,,POINT (-97.707469975 30.300120986),4,301,10/01/2013,09/30/2014,Austin,TX
,Chipotle,2500,801 CONGRESS AVE,78701,0,0,0,1,0,4-star,,Restaurant,,Yes,Commercial,Pilot Commercial Rating,2004,,POINT (-97.741634025 30.269962982),1,,10/01/2003,09/30/2004,Austin,TX
,Brentwood Elementary School,100874,6703 YATES AVE,78757,0,0,0,1,0,4-star,,School,,Yes,Commercial,COMMERCIAL RATING 2016,2023,,POINT (-97.732581755 30.340377513),2,,10/01/2022,09/30/2023,Austin,TX
,AISD Clayton Elementary School,92932,7525 LA CROSSE AVE,78739,0,1,0,0,0,2-star,,School,,Yes,Commercial,AISD Rating 2006,2007,,POINT (-97.90638402 30.194893987),1,,10/01/2006,09/30/2007,Austin,TX
,Texan Pearl,113510,2515 PEARL ST,78705,1,0,0,0,0,1-star,,Residential,University Neighborhood Overlay (UNO),No,Commercial,Commercial Rating 2006,2009,,POINT (-97.746244994 30.290475008),6,81,10/01/2008,09/30/2009,Austin,TX
,Westview,106195,316 W 12TH ST,78701,1,0,0,0,0,1-star,,Office,Downtown (CBD-DMU),No,Commercial,COMMERCIAL RATING 2013,2018,,POINT (-97.743560019 30.275139017),7,,10/01/2017,09/30/2018,Austin,TX
,CARTS Eastside Bus Plaza,2240,363 SHADY LN,78702,0,0,1,0,0,3-star,,Retail/ Other,,Yes,Commercial,COMMERCIAL RATING 2016,2023,,POINT (-97.697933967 30.251676981),1,,10/01/2022,09/30/2023,Austin,TX
,HPI Domain Office,319993,10721 DOMAIN DR,78758,1,0,0,0,0,1-star,Silver,Office,North Burnet/Gateway,No,Commercial,COMMERCIAL RATING 2013,2020,,POINT (-97.722992002 30.392804006),11,0,10/01/2019,09/30/2020,Austin,TX
,Apple Vista Ridge Campus,53804,916 S CAPITAL OF TEXAS HWY,78746,0,0,1,0,0,3-star,,Office,,Yes,Commercial,Commercial Rating 2009,2012,,POINT (-97.826658039 30.284921997),2,,10/01/2011,09/30/2012,Austin,TX
,Twenty Two 15,150000,2215 RIO GRANDE ST,78705,1,0,0,0,0,1-star,,Residential,"University Neighborhood Overlay (UNO), S.M.A.R.T. Housing",No,Commercial,Commercial Rating 2010,2016,,POINT (-97.744544976 30.286290008),8,125,10/01/2015,09/30/2016,Austin,TX
,SKYLOFTS,340287,507 W 23RD ST,78705,1,0,0,0,0,1-star,,Residential,"University Neighborhood Overlay (UNO), S.M.A.R.T. Housing",No,Commercial,COMMERCIAL RATING 2013,2019,,POINT (-97.743557001 30.286375),18,212,10/01/2018,09/30/2019,Austin,TX
,Doc Green's Gourmet Salads and Grill at Mueller,2105,1201 BARBARA JORDAN BLVD UNIT 1220,78723,0,0,1,0,0,3-star,,Retail,Mueller Development (PUD),No,Commercial,Commercial Rating 2006,2008,,POINT (-97.70985999 30.30557002),1,,10/01/2007,09/30/2008,Austin,TX
,Third + Shoal,368805,607 W 3RD ST,78701,0,0,1,0,0,3-star,,Office/ Retail,"Downtown (CBD-DMU), Downtown Density Bonus Program (DDBP)",No,Commercial,COMMERCIAL RATING 2013,2020,,POINT (-97.750022969 30.26670502),29,,10/01/2019,09/30/2020,Austin,TX
,Great Nails at Mueller,1200,1201 BARBARA JORDAN BLVD 6 UNIT 610,78723,0,0,1,0,0,3-star,,Retail,Mueller Development (PUD),No,Commercial,Commercial Rating 2006,2009,,POINT (-97.709006964 30.306354021),1,,10/01/2008,09/30/2009,Austin,TX
,Green Water Block 23,491638,500 W 2ND ST,78701,0,0,1,0,0,3-star,Gold,Office/ Restaurant,"Downtown (CBD-DMU), Green Water Treatment Plant Redevelopment",No,Commercial,COMMERCIAL RATING 2013,2018,,POINT (-97.749197016 30.266027008),29,,10/01/2017,09/30/2018,Austin,TX
,H.E.B. Slaughter,93300,5800 W SLAUGHTER LN,78749,0,0,0,1,0,4-star,,Grocery,,Yes,Commercial,Pilot Commercial Rating,2006,,POINT (-97.876627007 30.20264599),1,,10/01/2005,09/30/2006,Austin,TX
,The G,92050,1715 GUADALUPE ST,78701,1,0,0,0,0,1-star,,Residential,Downtown (CBD-DMU),No,Commercial,Commercial Rating 2010,2016,,POINT (-97.74178096 30.280254996),9,79,10/01/2015,09/30/2016,Austin,TX
,Dell Children's Medical Center Third Bed Tower at Mueller,82200,4900 MUELLER BLVD,78723,0,0,0,0,1,5-star,Platinum,Health Care,Mueller Development (PUD),No,Commercial,Commercial Rating 2010,2013,,POINT (-97.706609991 30.303677009),3,,10/01/2012,09/30/2013,Austin,TX
,University of Texas Elementary School,13600,2200 E 6TH ST,78702,0,1,0,0,0,2-star,,School,,Yes,Commercial,Commercial Rating 2010,2014,,POINT (-97.718264022 30.26059302),2,,10/01/2013,09/30/2014,Austin,TX
,Schwab - AUS2,189440,2309 GRACY FARMS LN,78758,1,0,0,0,0,1-star,,Office,North Burnet/Gateway,No,Commercial,COMMERCIAL RATING 2013,2020,,POINT (-97.711489013 30.400062986),5,,10/01/2019,09/30/2020,Austin,TX
,RiverSouth,320000,401 S 1ST ST,78704,0,0,1,0,0,3-star,,Office/ Retail,Riverside PUD,No,Commercial,COMMERCIAL RATING 2016,2022,,POINT (-97.749321991 30.259279995),8,0,10/01/2021,09/30/2022,Austin,TX
,"Google University Park (UP), Level 8",24690,3300 N IH 35 SVRD SB,78705,0,1,0,0,0,2-star,Silver,Office,,Yes,Commercial,Commercial Rating 2013,2015,,POINT (-97.722768037 30.29123202),1,,10/01/2014,09/30/2015,Austin,TX
,Nordstrom,130635,3111 PALM WAY,78758,0,1,0,0,0,2-star,,Office/ Retail/ Restaurant,Domain (PDA),No,Commercial,Commercial Rating 2010,2017,,POINT (-97.72035296 30.402219021),2,,10/01/2016,09/30/2017,Austin,TX
,Post West Austin,365971,4330 BULL CREEK RD,78731,1,0,0,0,0,1-star,,Residential,,Yes,Commercial,Commercial Rating 2007,2010,,POINT (-97.755083962 30.319256997),4,329,10/01/2009,09/30/2010,Austin,TX
,Creative Action,7440,2921 E 17TH ST B,78702,0,0,1,0,0,3-star,,Office/ Other,,Yes,Commercial,Commercial Rating 2010,2017,,POINT (-97.710082027 30.277994983),2,,10/01/2016,09/30/2017,Austin,TX
,AISD Webb Middle School Fine Arts Addition,10989,601 E ST JOHNS AVE,78752,0,1,0,0,0,2-star,,School,,Yes,Commercial,AISD Rating 2007,2010,,POINT (-97.706894976 30.33305998),1,,10/01/2009,09/30/2010,Austin,TX
,Hatchery Buildings D & E,52306,36 Comal St,78702,1,0,0,0,0,1-star,,Office/ Restaurant,0,Yes,Commercial,COMMERCIAL RATING 2016,2021,,POINT (-97.731428286 30.252613952),2,0,10/01/2020,09/30/2021,Austin,TX
,Starbucks at Mueller,1654,1201 BARBARA JORDAN BLVD 12 UNIT 500,78723,0,0,1,0,0,3-star,Silver,Retail,Mueller Development (PUD),No,Commercial,Commercial Rating 2006,2009,,POINT (-97.70985999 30.30557002),1,,10/01/2008,09/30/2009,Austin,TX
,Charles Schwab  Austin Corporate Campus Building AUS 3,199099,2309 GRACY FARMS LN,78758,0,1,0,0,0,2-star,,Office,North Burnet/Gateway,No,Commercial,COMMERCIAL RATING 2016,2021,,POINT (-97.711489013 30.400062986),5,0,10/01/2020,09/30/2021,Austin,TX
,TETCO - Store #76,3478,3550 FAR WEST BLVD,78731,1,0,0,0,0,1-star,,Other,,Yes,Commercial,Commercial Rating 2009,2012,,POINT (-97.753381011 30.35397002),1,,10/01/2011,09/30/2012,Austin,TX
,Block 185 Office Tower,863806,601 W 2ND ST,78701,0,0,0,1,0,4-star,,Office/ Retail/ Restaurant,"Downtown (CBD-DMU), Green Water Treatment Plant Redevelopment",No,Commercial,COMMERCIAL RATING 2016,2022,,POINT (-97.750068986 30.265740012),5,30,10/01/2021,09/30/2022,Austin,TX
,Marriott Residence Inn - Austin Domain,88315,11301 BURNET RD 2,78758,1,0,0,0,0,1-star,,Hotel,North Burnet/Gateway,No,Commercial,COMMERCIAL RATING 2013,2018,,POINT (-97.717474027 30.398235019),4,,10/01/2017,09/30/2018,Austin,TX
,Life Time Fitness,110000,7101 S MOPAC EXPY NB,78749,0,0,1,0,0,3-star,,Other,,Yes,Commercial,Commercial Rating 2006,2008,,POINT (-97.748538157 30.353980269),1,,10/01/2007,09/30/2008,Austin,TX
,Cirrus Logic Research Facility,25635,605 W 4TH ST,78701,1,0,0,0,0,1-star,,Office/ Manufacturing,Downtown (CBD-DMU),No,Commercial,Commercial Rating 2010,2016,,POINT (-97.749992962 30.26771198),3,,10/01/2015,09/30/2016,Austin,TX
,Texas Mutual Insurance,250000,2200 ALDRICH ST,78723,0,0,0,1,0,4-star,,Office,Mueller Development (PUD),No,Commercial,COMMERCIAL RATING 2016,2019,,POINT (-97.703814962 30.301164994),4,,10/01/2018,09/30/2019,Austin,TX
,"Austin Children's Shelter, Educational Services Building",15125,sensitive location,78723,0,0,1,0,0,3-star,,School,Mueller Development (PUD),No,Commercial,Commercial Rating 2007,2011,,POINT (-97.6999965 30.2935393),2,,10/01/2010,09/30/2011,Austin,TX
,Shady Lane Offices,52000,1141 SHADY LANE,78721,0,1,0,0,0,2-star,,Residential/ Office,"S.M.A.R.T. Housing, thinkEAST PUD",No,Commercial,COMMERCIAL RATING 2016,2022,,POINT (-97.691156025 30.262589003),35,,10/01/2021,09/30/2022,Austin,TX
,HelioVolt,122400,6301 E STASSNEY LN,78744,0,0,1,0,0,3-star,Silver,Manufacturing,,Yes,Commercial,Commercial Rating 2007,2009,,POINT (-97.718411962 30.202455008),1,,10/01/2008,09/30/2009,Austin,TX
,Palisades West Office Complex,360000,6300 FM 2244,78746,0,0,1,0,0,3-star,,Office,,Yes,Commercial,Commercial Rating 2006,2011,,POINT (-97.83057901 30.296709007),7,,10/01/2010,09/30/2011,Austin,TX
,Mueller Mixed-Use Office Ph1,238515,1900 ALDRICH ST,78723,0,0,1,0,0,3-star,,Office/ Retail,Mueller Development (PUD),No,Commercial,COMMERCIAL RATING 2016,2023,,POINT (-97.705657392 30.29831038),6,,10/01/2022,09/30/2023,Austin,TX
,Yo So Cool at Mueller,1457,1201 BARBARA JORDAN BLVD UNIT 1290,78723,0,0,1,0,0,3-star,,Restaurant,Mueller Development (PUD),No,Commercial,Commercial Rating 2006,2010,,POINT (-97.70985999 30.30557002),1,,10/01/2009,09/30/2010,Austin,TX
,Texas Public Policy Foundation,42015,901 CONGRESS AVE,78701,1,0,0,0,0,1-star,,Office,Downtown (CBD-DMU),No,Commercial,Commercial Rating 2010,2017,,POINT (-97.741290032 30.270899995),6,,10/01/2016,09/30/2017,Austin,TX
,Rambler,305869,2513 SETON AVE,78705,1,0,0,0,0,1-star,,Residential/ Office/ Retail,"University Neighborhood Overlay (UNO), S.M.A.R.T. Housing",No,Commercial,COMMERCIAL RATING 2016,2024,,POINT (-97.743259025 30.290111988),8,202,10/01/2023,09/30/2024,Austin,TX
,The Brown Building,132500,710 COLORADO ST,78701,0,0,0,0,0,pilot,,Residential,,Yes,Commercial,Pilot Commercial Rating,1999,,POINT (-97.743799993 30.27009198),10,90,10/01/1998,09/30/1999,Austin,TX
,Aloft/Element Hotel Downtown Austin,254382,109 E 7TH ST,78701,0,1,0,0,0,2-star,,Retail/ Restaurant/ Hotel,"Downtown (CBD-DMU), Downtown Density Bonus Program (DDBP)",No,Commercial,COMMERCIAL RATING 2013,2018,,POINT (-97.74212202 30.268698991),32,,10/01/2017,09/30/2018,Austin,TX
,The Independent,676210,301 WEST AVE,78701,1,0,0,0,0,1-star,,Residential/ Retail,Downtown (CBD-DMU),No,Commercial,COMMERCIAL RATING 2013,2019,,POINT (-97.750987978 30.267944997),58,370,10/01/2018,09/30/2019,Austin,TX
,Chipotle Mexican Grill at Mueller,2200,1201 BARBARA JORDAN BLVD UNIT 1300,78723,0,0,1,0,0,3-star,,Restaurant,Mueller Development (PUD),No,Commercial,Commercial Rating 2006,2009,,POINT (-97.70985999 30.30557002),1,,10/01/2008,09/30/2009,Austin,TX
,The Bowie Residences,503260,311 BOWIE ST,78703,0,0,1,0,0,3-star,,Residential/ Office/ Retail/ Other,Downtown (CBD-DMU),No,Commercial,Commercial Rating 2010,2015,,POINT (-97.752987984 30.269150986),37,358,10/01/2014,09/30/2015,Austin,TX
,2010 SOLA Creative Office Building,73237,2010 S LAMAR,78704,1,0,0,0,0,1-star,,Office/ Retail/ Restaurant,,Yes,Commercial,COMMERCIAL RATING 2016,2019,,POINT (-97.768226032 30.249425015),3,,10/01/2018,09/30/2019,Austin,TX
,Mueller Cinema Tenants,24203,1911 ALDRICH ST,78723,0,0,1,0,0,3-star,Silver,Retail/ Restaurant,Mueller Development (PUD),No,Commercial,COMMERCIAL RATING 2013,2019,,POINT (-97.704329024 30.298674018),2,,10/01/2018,09/30/2019,Austin,TX
,Hotel Van Zandt,257252,605 DAVIS ST,78701,1,0,0,0,0,1-star,,Hotel/ Other,Downtown (CBD-DMU),No,Commercial,Commercial Rating 2010,2017,,POINT (-97.739335037 30.259479988),16,,10/01/2016,09/30/2017,Austin,TX
,Central Texas Veterinary Specialty & Emergency Hospital,38532,4434 FRONTIER TRL,78745,0,0,0,0,0,pilot,,Health Care,,Yes,Commercial,Pilot Commercial Rating,2000,,POINT (-97.795773995 30.231430996),,,10/01/1999,09/30/2000,Austin,TX
,Domain Y3 and Y4 Retail Buildings and Garage,30955,3120 PALM WAY,78758,0,0,1,0,0,3-star,,Retail,Domain (PDA),No,Commercial,Commercial Rating 2010,2017,,POINT (-97.721449983 30.403203014),1,,10/01/2016,09/30/2017,Austin,TX
,LCRA Redbud Center,35400,3601 LAKE AUSTIN BLVD,78703,0,0,0,1,0,4-star,Gold,Office,,Yes,Commercial,Commercial Rating 2006,2008,,POINT (-97.784361028 30.292890002),1,,10/01/2007,09/30/2008,Austin,TX
,Domain Tower 2,319295,10025 ALTERRA PKWY,78758,1,0,0,0,0,1-star,,Office,North Burnet/Gateway,No,Commercial,COMMERCIAL RATING 2016,2022,,POINT (-97.722115003 30.394621999),2,0,10/01/2021,09/30/2022,Austin,TX
,Children's Place at Mueller,4100,1201 BARBARA JORDAN BLVD 3 UNIT 620,78723,0,0,1,0,0,3-star,,Retail,Mueller Development (PUD),No,Commercial,Commercial Rating 2006,2010,,POINT (-97.70985999 30.30557002),1,,10/01/2009,09/30/2010,Austin,TX
,Holiday Inn Express Arboretum,63350,10711 RESEARCH BLVD,78759,1,0,0,0,0,1-star,,Hotel,North Burnet/Gateway,No,Commercial,Commercial Rating 2010,2018,,POINT (-97.743868976 30.398162012),4,,10/01/2017,09/30/2018,Austin,TX
,Legacy on the Lake,291195,43 RAINEY ST,78701,1,0,0,0,0,1-star,Certified,Residential,Downtown (CBD-DMU),No,Commercial,Commercial Rating 2006,2009,,POINT (-97.739448025 30.256106984),31,187,10/01/2008,09/30/2009,Austin,TX
,Meadowbrook Education & Training Center,10150,1201 W LIVE OAK ST,78704,0,0,0,1,0,4-star,Silver,Office/ School,,Yes,Commercial,Commercial Rating 2010,2015,,POINT (-97.766464994 30.247045015),1,,10/01/2014,09/30/2015,Austin,TX
,Clive Bar,10300,609 DAVIS ST,78701,1,0,0,0,0,1-star,,Other,"Downtown (CBD-DMU), Rainey Street (CBD)",No,Commercial,COMMERCIAL RATING 2016,2022,,POINT (-97.738559962 30.260029002),15,0,10/01/2021,09/30/2022,Austin,TX
,Seaholm Retail and Office Building,67135,211 WALTER SEAHOLM DR,78701,0,0,0,1,0,4-star,Gold,Office/ Retail/ Other,Downtown (CBD-DMU),No,Commercial,Commercial Rating 2010,2016,,POINT (-97.752713979 30.267510018),2,,10/01/2015,09/30/2016,Austin,TX
,405 Colorado,272857,405 COLORADO ST,78701,0,1,0,0,0,2-star,,Office/ Retail/ Restaurant,"Downtown (CBD-DMU), Downtown Density Bonus Program (DDBP)",No,Commercial,COMMERCIAL RATING 2013,2021,,POINT (-97.744385972 30.266721994),25,,10/01/2020,09/30/2021,Austin,TX
,The Block on Rio,88000,2819 RIO GRANDE ST,78705,1,0,0,0,0,1-star,,Residential,University Neighborhood Overlay (UNO),No,Commercial,Commercial Rating 2006,2009,,POINT (-97.743586003 30.295073991),6,97,10/01/2008,09/30/2009,Austin,TX
,Church of Scientology - Austin,51645,2200 GUADALUPE ST,78705,1,0,0,0,0,1-star,,Office/ Retail/ Worship/ School,University Neighborhood Overlay (UNO),No,Commercial,COMMERCIAL RATING 2013,2020,,POINT (-97.742156972 30.285277013),3,0,10/01/2019,09/30/2020,Austin,TX
,Comedor,4686,501 COLORADO ST,78701,1,0,0,0,0,1-star,,Restaurant,Downtown (CBD-DMU),No,Commercial,COMMERCIAL RATING 2016,2019,,POINT (-97.743940976 30.267947009),1,,10/01/2018,09/30/2019,Austin,TX
,ABIA Terminal East Infill Expansion,72703,3600 PRESIDENTIAL BLVD,78719,0,0,0,0,0,,Silver,Other,,Yes,Commercial,LEED BD+C: New Construction v3 - LEED 2009,2018,,POINT (-97.667525009 30.20215699),3,,10/01/2017,09/30/2018,Austin,TX
,City of Austin Del Valle Fire and EMS Station,18580,7019 Elroy Road,78617,0,0,0,1,0,4-star,,Other,City of Austin,No,Commercial,COMMERCIAL RATING 2016,2021,,POINT (-97.642598989 30.159157994),1,0,10/01/2020,09/30/2021,Del Valle,TX
,Sovereign Bank,9854,600 W 5TH ST,78701,1,0,0,0,0,1-star,,Office/Bank,,Yes,Commercial,Pilot Commercial Rating,2006,,POINT (-97.748901973 30.269048014),2,,10/01/2005,09/30/2006,Austin,TX
,Shoe Pavilion at Mueller,19850,1201 BARBARA JORDAN BLVD 1,78723,0,0,1,0,0,3-star,,Retail,Mueller Development (PUD),No,Commercial,Commercial Rating 2006,2007,,POINT (-97.709006964 30.306354021),1,,10/01/2006,09/30/2007,Austin,TX
,Capitol Tower Garage,170000,206 E 9TH ST,78701,1,0,0,0,0,1-star,,Office,,Yes,Commercial,Commercial Rating 2006,2013,,POINT (-97.739730998 30.270600007),20,,10/01/2012,09/30/2013,Austin,TX
,Bear Creek Elementary School,86177,12801 ESCARPMENT BLVD,78739,0,0,1,0,0,3-star,,School,,Yes,Commercial,COMMERCIAL RATING 2016,2022,,POINT (-97.909627984 30.170638017),3,,10/01/2021,09/30/2022,Austin,TX
,Banger's Expansion,4125,81 1/2 RAINEY ST,78701,1,0,0,0,0,1-star,,Restaurant,"Downtown (CBD-DMU), Rainey Street (CBD)",No,Commercial,COMMERCIAL RATING 2013,2019,,POINT (-97.738377991 30.259226016),2,,10/01/2018,09/30/2019,Austin,TX
,The Home Depot at Mueller,108625,1200 BARBARA JORDAN BLVD,78723,0,0,0,1,0,4-star,,Retail,Mueller Development (PUD),No,Commercial,Commercial Rating 2006,2008,,POINT (-97.70983803 30.307796002),1,,10/01/2007,09/30/2008,Austin,TX
,The Mark at Austin,456413,812 W 23RD ST,78705,1,0,0,0,0,1-star,,Residential/ Retail,University Neighborhood Overlay (UNO),No,Commercial,COMMERCIAL RATING 2016,2023,,POINT (-97.746133012 30.28767101),17,265,10/01/2022,09/30/2023,Austin,TX
,PromiseLand Church West Multipurpose Building,60015,8901 W SH 71,78735,1,0,0,0,0,1-star,,Office/ Worship/ Other,,Yes,Commercial,Commercial Rating 2010,2014,,POINT (-97.90368203 30.249583013),2,,10/01/2013,09/30/2014,Austin,TX
,44 East Ave,479209,44 EAST AVE,78701,0,0,1,0,0,3-star,,Residential/ Retail,"Downtown (CBD-DMU), Rainey Street (CBD), Downtown Density Bonus Program (DDBP)",No,Commercial,COMMERCIAL RATING 2016,2023,,POINT (-97.739120041 30.255802008),50,322,10/01/2022,09/30/2023,Austin,TX
,600 West Fifth,154800,600 W 5TH ST,78701,1,0,0,0,0,1-star,,Office,Downtown (CBD-DMU),No,Commercial,COMMERCIAL RATING 2016,2024,,POINT (-97.748901973 30.269048014),17,0,10/01/2023,09/30/2024,Austin,TX
,Westin Austin,269669,310 E 5TH ST,78701,1,0,0,0,0,1-star,,Office/ Restaurant/ Hotel/ Other,Downtown (CBD-DMU),No,Commercial,Commercial Rating 2010,2018,,POINT (-97.740326029 30.266633984),19,,10/01/2017,09/30/2018,Austin,TX
,"LCRA Dalchau Service Center, Building A",98520,3505 MONTOPOLIS DR,78744,0,0,1,0,0,3-star,,Office,,Yes,Commercial,Pilot Commercial Rating,2004,,POINT (-97.709840041 30.209182995),3,,10/01/2003,09/30/2004,Austin,TX
,"Austin Children's Shelter, Program Services Building",7900,sensitive location,78723,0,0,1,0,0,3-star,,Office,Mueller Development (PUD),No,Commercial,Commercial Rating 2007,2011,,POINT (-97.6999965 30.2935393),1,,10/01/2010,09/30/2011,Austin,TX
,Whole Foods Market at Arbor Trails,39830,4301 W WILLIAM CANNON DR B1,78749,0,0,0,1,0,4-star,,Office/ Grocery,,Yes,Commercial,Commercial Rating 2010,2013,,POINT (-97.843050024 30.21879402),1,,10/01/2012,09/30/2013,Austin,TX
,Palmer Events Center and Parking Garage,133200,900 BARTON SPRINGS RD,78704,0,1,0,0,0,2-star,,Event Space,,Yes,Commercial,Pilot Commercial Rating,2006,,POINT (-97.753846039 30.26144898),2,,10/01/2005,09/30/2006,Austin,TX
,The Block on 23rd,90774,2222 PEARL ST,78705,1,0,0,0,0,1-star,,Residential,University Neighborhood Overlay (UNO),No,Commercial,Commercial Rating 2006,2009,,POINT (-97.746713039 30.287025017),6,94,10/01/2008,09/30/2009,Austin,TX
,800 Congress,7605,800 CONGRESS AVE,78701,1,0,0,0,0,1-star,,Office/ Other,Downtown (CBD-DMU),No,Commercial,Commercial Rating 2013,2016,,POINT (-97.742501971 30.270228018),1,,10/01/2015,09/30/2016,Austin,TX
,Archer Hotel Austin at the Domain,191250,3121 PALM WAY,78758,0,1,0,0,0,2-star,,Retail/ Restaurant/ Hotel,Domain (PDA),No,Commercial,Commercial Rating 2010,2017,,POINT (-97.72158401 30.40229999),8,,10/01/2016,09/30/2017,Austin,TX
,The Rise School of Austin Preschool,23450,4800 MANOR RD,78723,0,0,0,1,0,4-star,,School,Mueller Development (PUD),No,Commercial,Commercial Rating 2010,2015,,POINT (-97.689950959 30.296338988),2,,10/01/2014,09/30/2015,Austin,TX
,AUS Career and Development Center,21300,2800 SPIRIT OF TEXAS DR,78719,0,0,1,0,0,3-star,,Office,,Yes,Commercial,COMMERCIAL RATING 2016,2021,,POINT (-97.667243042 30.21244498),1,0,10/01/2020,09/30/2021,Austin,TX
,The Shore,246920,603 DAVIS ST,78701,1,0,0,0,0,1-star,,Residential/ Retail,Downtown (CBD-DMU),No,Commercial,Commercial Rating 2006,2008,,POINT (-97.73916304 30.260243998),23,192,10/01/2007,09/30/2008,Austin,TX
,Spring,356000,300 BOWIE ST,78703,1,0,0,0,0,1-star,,Residential,Downtown (CBD-DMU),No,Commercial,Commercial Rating 2006,2009,,POINT (-97.75418098 30.268949987),42,261,10/01/2008,09/30/2009,Austin,TX
,ABIA Terminal Expansion & Improvements,185825,3600 PRESIDENTIAL BLVD,78719,0,0,0,0,0,,Gold,Retail,City of Austin,No,Commercial,LEED BD+C: New Construction v3 - LEED 2009,2020,,POINT (-97.667525009 30.20215699),1,,10/01/2019,09/30/2020,Austin,TX
,70 Rainey Street,323435,70 RAINEY ST,78701,0,0,0,1,0,4-star,,Residential/ Retail/ Other,"Downtown (CBD-DMU), Rainey Street (CBD), Downtown Density Bonus Program (DDBP)",No,Commercial,COMMERCIAL RATING 2013,2020,,POINT (-97.739149964 30.258539999),30,197,10/01/2019,09/30/2020,Austin,TX
,Travis County District Attorney Office Building,133500,416 W 11TH ST,78701,0,0,1,0,0,3-star,,Office,"Downtown (CBD-DMU), Downtown CURE (CBD-CURE)",No,Commercial,COMMERCIAL RATING 2013,2018,,POINT (-97.745176972 30.274224007),6,,10/01/2017,09/30/2018,Austin,TX
,3700 San Clemente,262550,3700 N CAPITAL OF TEXAS HWY SB UNIT E,78746,1,0,0,0,0,1-star,,Office,,Yes,Commercial,Commercial Rating 2010,2016,,POINT (-97.801962168 30.243463883),5,,10/01/2015,09/30/2016,Austin,TX
,Domain Place,42485,3200 GRACIE KILTZ LN,78758,1,0,0,0,0,1-star,,Office,North Burnet/Gateway,No,Commercial,COMMERCIAL RATING 2016,2020,,POINT (-97.725133997 30.39534301),5,,10/01/2019,09/30/2020,Austin,TX
,Four Seasons Residences,522627,98 SAN JACINTO BLVD,78701,1,0,0,0,0,1-star,,Residential,Downtown (CBD-DMU),No,Commercial,Commercial Rating 2007,2012,,POINT (-97.742704981 30.262331008),32,166,10/01/2011,09/30/2012,Austin,TX
,Bowie High School - Fine Arts Building,123456,4103 W SLAUGHTER LN,78759,0,0,1,0,0,3-star,,School,,Yes,Commercial,COMMERCIAL RATING 2016,2023,,POINT (-97.859346037 30.186825986),1,,10/01/2022,09/30/2023,Austin,TX
,Central Texas Allergy Associates,3994,4150 N LAMAR BLVD,78756,0,0,0,0,0,pilot,,Health Care,,Yes,Commercial,Pilot Commercial Rating,2001,,POINT (-97.740499032 30.309814993),1,,10/01/2000,09/30/2001,Austin,TX
,Cirrus Logic - Phase I,136080,800 W 6TH ST,78703,1,0,0,0,0,1-star,,Office/ Restaurant,Downtown (CBD-DMU),No,Commercial,Commercial Rating 2009,2014,,POINT (-97.750691007 30.270920992),8,,10/01/2013,09/30/2014,Austin,TX
,Austin City College - Rio Grande,140000,1212 RIO GRANDE ST,78701,0,0,0,1,0,4-star,,School,Downtown (CBD-DMU),No,Commercial,COMMERCIAL RATING 2016,2022,,POINT (-97.747722975 30.276535987),2,0,10/01/2021,09/30/2022,Austin,TX
,City of Austin Fire Station #25 - Women's Locker Room Addition,180,5228 DUVAL RD,78727,0,0,0,0,0,pilot,,Municipal,,Yes,Commercial,Pilot Commercial Rating,2007,,POINT (-97.742767007 30.418309006),1,,10/01/2006,09/30/2007,Austin,TX
,Foundation Communities' Prosper Center-South,9300,2900 S IH 35 SVRD SB,78704,0,1,0,0,0,2-star,,Retail,,Yes,Commercial,COMMERCIAL RATING 2016,2021,,POINT (-97.745735961 30.227864999),1,0,10/01/2020,09/30/2021,Austin,TX
,AISD Uphaus Early Childhood Center,72205,5200 FREIDRICH LN,78744,0,1,0,0,0,2-star,,School,,Yes,Commercial,Commercial Rating 2009,2013,,POINT (-97.755979988 30.201678006),1,,10/01/2012,09/30/2013,Austin,TX
,AISD Langford Elementary School Addition,12000,2206 BLUE MEADOW DR,78744,0,0,0,1,0,4-star,,School,,Yes,Commercial,Commercial Rating 2009,2011,,POINT (-97.763310968 30.182077009),1,,10/01/2010,09/30/2011,Austin,TX
,Sanchez Elementary School,80674,73 SAN MARCOS ST,78702,0,0,1,0,0,3-star,,School,,Yes,Commercial,COMMERCIAL RATING 2016,2023,,POINT (-97.734830015 30.25756401),2,,10/01/2022,09/30/2023,Austin,TX
,Aloft Austin at the Domain,85602,11601 DOMAIN DR,78758,0,1,0,0,0,2-star,,Hotel,Domain (PDA),No,Commercial,Commercial Rating 2007,2010,,POINT (-97.723732962 30.402770005),6,,10/01/2009,09/30/2010,Austin,TX
,Autograph AC Collection Hotels,200673,1901 SAN ANTONIO ST,78701,1,0,0,0,0,1-star,,Hotel,University Neighborhood Overlay (UNO),No,Commercial,COMMERCIAL RATING 2016,2020,,POINT (-97.743041011 30.282239998),11,0,10/01/2019,09/30/2020,Austin,TX
,Arbor Town Square Building B,24761,10721 RESEARCH BLVD SVRD NB,78759,1,0,0,0,0,1-star,,Office/ Retail/ Restaurant,North Burnet/Gateway,No,Commercial,Commercial Rating 2010,2017,,POINT (-97.744744968 30.398848993),2,,10/01/2016,09/30/2017,Austin,TX
,AISD Anderson High School,20250,8403 MESA DR,78759,0,1,0,0,0,2-star,,School,,Yes,Commercial,Commercial Rating 2009,2010,,POINT (-97.752414997 30.374928005),1,,10/01/2009,09/30/2010,Austin,TX
,Domain 5 Office Building,76480,11305 ALTERRA PKWY,78758,0,0,0,0,0,,Silver,Office,Domain (PDA),No,Commercial,LEED BD+C: Core and Shell v3 - LEED 2009,2016,,POINT (-97.72023796 30.398132005),3,,10/01/2015,09/30/2016,Austin,TX
,Menchaca ES,98603,12120 MANCHACA RD,78748,0,1,0,0,0,2-star,,School,,Yes,Commercial,COMMERCIAL RATING 2016,2020,,POINT (-97.834194041 30.141744004),2,,10/01/2019,09/30/2020,Austin,TX
,Tower of the Hills,211322,13809 RESEARCH BLVD,78750,0,1,0,0,0,2-star,,Office,,Yes,Commercial,Commercial Rating 2006,2009,,POINT (-97.79476501 30.464535314),4,,10/01/2008,09/30/2009,Austin,TX
,H-E-B at Mueller,83600,1801 E 51ST ST F,78723,0,0,0,1,0,4-star,Gold,Grocery,Mueller Development (PUD),No,Commercial,Commercial Rating 2010,2015,,POINT (-97.69830604 30.302518001),1,,10/01/2014,09/30/2015,Austin,TX
,Encino Trace - Phase 1,163350,5707 SOUTHWEST PKWY,78735,0,0,1,0,0,3-star,,Office,Encino Trace Development,No,Commercial,Commercial Rating 2010,2015,,POINT (-97.84453798 30.244095004),4,,10/01/2014,09/30/2015,Austin,TX
,Bodega on Rio,2574,2101 RIO GRANDE ST,78705,1,0,0,0,0,1-star,,Retail,University Neighborhood Overlay (UNO),No,Commercial,Commercial Rating 2006,2009,,POINT (-97.744741029 30.28428799),1,,10/01/2008,09/30/2009,Austin,TX
,Casis Elementary School,95100,2710 EXPOSITION BLVD,78703,0,0,1,0,0,3-star,,School,,Yes,Commercial,COMMERCIAL RATING 2016,2022,,POINT (-97.765951016 30.304544997),2,,10/01/2021,09/30/2022,Austin,TX
,The Thinkery - Austin Children's Museum at Mueller,36300,1830 SIMOND AVE,78723,0,0,0,0,0,,Silver,Other,Mueller LEED only,No,Commercial,LEED BD+C: New Construction v2 - LEED 2.2,2014,,POINT (-97.704899999 30.297561991),3,,10/01/2013,09/30/2014,Austin,TX
,Tivoli New Office,217222,2309 GRACY FARMS LN,78758,0,0,0,1,0,4-star,Certified,Office,,Yes,Commercial,LEED BD+C: New Construction v2 – LEED 2.0,2002,,POINT (-97.711489013 30.400062986),6,,10/01/2001,09/30/2002,Austin,TX
,AISD Barrington Elementary School Addition,12206,400 COOPER DR,78753,0,0,0,1,0,4-star,,School,,Yes,Commercial,Commercial Rating 2009,2011,,POINT (-97.695770011 30.360724996),1,,10/01/2010,09/30/2011,Austin,TX
,AISD Norman Elementary School Addition,15192,4001 TANNEHILL LN,78721,0,0,1,0,0,3-star,,School,,Yes,Commercial,AISD Rating 2006,2007,,POINT (-97.674046968 30.278334995),1,,10/01/2006,09/30/2007,Austin,TX
,Murchison Middle School Addition and Renovation,79996,3700 NORTH HILLS DR,78731,0,0,1,0,0,3-star,,School,,Yes,Commercial,COMMERCIAL RATING 2016,2022,,POINT (-97.75860302 30.354128983),30,240,10/01/2021,09/30/2022,Austin,TX
,AISD Timy Baranoff Elementary School Addition,12000,12009 BUCKINGHAM GATE RD,78748,0,0,1,0,0,3-star,,School,,Yes,Commercial,AISD Rating 2006,2011,,POINT (-97.851911959 30.153510016),1,,10/01/2010,09/30/2011,Austin,TX
,Family Christian Stores at Mueller,4415,1201 BARBARA JORDAN BLVD UNIT 600,78723,0,0,1,0,0,3-star,,Retail,Mueller Development (PUD),No,Commercial,Commercial Rating 2006,2009,,POINT (-97.70985999 30.30557002),1,,10/01/2008,09/30/2009,Austin,TX
,AISD Akins High School Addition #2,15553,10701 S 1ST ST,78748,0,0,0,1,0,4-star,,School,,Yes,Commercial,Commercial Rating 2009,2011,,POINT (-97.800974966 30.148788993),1,,10/01/2010,09/30/2011,Austin,TX
,Maravilla at The Domain,285024,11001 Austin Ln,78758,0,0,0,0,0,,Silver,Other,Domain (PDA),No,Commercial,LEED BD+C: New Construction v3 - LEED 2009,2021,,POINT (-97.72480199 30.39584802),11,232,10/01/2020,09/30/2021,Austin,TX
,John Gaines Park and Amenities Center,3675,2708 SORIN ST,78723,0,0,0,1,0,4-star,,Other,Mueller Development (PUD),No,Commercial,Commercial Rating 2013,2017,,POINT (-97.696573853 30.292948309),1,,10/01/2016,09/30/2017,Austin,TX
,Famous Footwear at Mueller,6495,1201 BARBARA JORDAN BLVD 4 UNIT 450,78723,0,0,1,0,0,3-star,,Retail,Mueller Development (PUD),No,Commercial,Commercial Rating 2006,2010,,POINT (-97.70985999 30.30557002),1,,10/01/2009,09/30/2010,Austin,TX
,Lupe Tortilla Mexican Restaurant,6614,10515 N MOPAC EXPY VRD NB A UNIT 165,78759,1,0,0,0,0,1-star,,Restaurant,North Burnet/Gateway,No,Commercial,Commercial Rating 2010,2017,,POINT (-97.732443017 30.389556983),1,,10/01/2016,09/30/2017,Austin,TX
,Robert E. Johnson State Office Building,320000,1501 CONGRESS AVE,78701,0,0,1,0,0,3-star,,Office,,Yes,Commercial,Pilot Commercial Rating,2000,,POINT (-97.738633974 30.277215005),6,,10/01/1999,09/30/2000,Austin,TX
,9Red - Indigo and Holiday Inn Express Hotel,174448,805 NECHES ST,78701,1,0,0,0,0,1-star,,Hotel,Downtown (CBD-DMU),No,Commercial,Commercial Rating 2010,2018,,POINT (-97.736672022 30.269171982),10,,10/01/2017,09/30/2018,Austin,TX
,Texas Association of Counties,43222,1204 SAN ANTONIO ST,78701,0,1,0,0,0,2-star,,Office,Downtown (CBD-DMU),No,Commercial,COMMERCIAL RATING 2016,2021,,POINT (-97.745365984 30.275712004),4,0,10/01/2020,09/30/2021,Austin,TX
,St. David's North Austin Medical Center,90650,12221 N MOPAC EXPY SVRD NB,78758,0,1,0,0,0,2-star,,Health Care,North Austin Medical Center,No,Commercial,Commercial Rating 2010,2015,,POINT (-97.707943084 30.412279184),2,,10/01/2014,09/30/2015,Austin,TX
,Ruckus 2.0,106077,620 W 24TH ST,78705,1,0,0,0,0,1-star,,Residential,"University Neighborhood Overlay (UNO), S.M.A.R.T. Housing",No,Commercial,COMMERCIAL RATING 2016,2019,,POINT (-97.744348002 30.288183983),7,67,10/01/2018,09/30/2019,Austin,TX
,Capitol Quarters,42744,1108 NUECES ST,78701,0,0,0,1,0,4-star,,Residential/ Retail,Downtown (CBD-DMU),No,Commercial,COMMERCIAL RATING 2016,2022,,POINT (-97.746709016 30.275067981),4,146,10/01/2021,09/30/2022,Austin,TX
,Shoal Creek Walk,230665,835 W 6TH ST,78703,0,1,0,0,0,2-star,,Office/ Retail,"Downtown (CBD-DMU), Downtown CURE (CBD-CURE)",No,Commercial,Commercial Rating 2010,2019,,POINT (-97.752409967 30.270535005),15,,10/01/2018,09/30/2019,Austin,TX
,Hanover Republic Square,454078,303 W 5TH ST,78701,0,1,0,0,0,2-star,,Residential/ Restaurant,"Downtown (CBD-DMU), Downtown Density Bonus Program (DDBP)",No,Commercial,COMMERCIAL RATING 2016,2023,,POINT (-97.745992028 30.267629),46,310,10/01/2022,09/30/2023,Austin,TX
,Texas Children's Hospital North Campus,535000,9835 N LAKE CREEK PKWY,78717,0,0,1,0,0,3-star,,Health Care,Leander Rehabilitation (PUD),No,Commercial,COMMERCIAL RATING 2016,2024,,POINT (-97.790085114 30.473909984),5,,10/01/2023,09/30/2024,Austin,TX
,Michael & Susan Dell Foundation,30567,4417 WESTLAKE DR C,78746,0,0,0,1,0,4-star,,Office,Davenport (PUD),No,Commercial,COMMERCIAL RATING 2016,2024,,POINT (-97.810719012 30.335267983),2,0,10/01/2023,09/30/2024,Austin,TX
,EMS Station #33 at Mueller,6045,4518 JAMES WHEAT ST,78723,0,0,0,0,0,,Silver,Other,Mueller LEED only,No,Commercial,LEED BD+C: New Construction v2 - LEED 2.2,2013,,POINT (-97.708572282 30.300063961),2,,10/01/2012,09/30/2013,Austin,TX
,Austin City Hall,115000,301 W 2ND ST,78701,0,0,0,0,0,,Gold,Office/Assembly,,Yes,Commercial,LEED BD+C: New Construction v2 – LEED 2.1,2006,,POINT (-97.747268005 30.264816997),4,,10/01/2005,09/30/2006,Austin,TX
,Best Buy at Mueller,29400,1201 BARBARA JORDAN BLVD 1,78723,0,0,1,0,0,3-star,,Retail,Mueller Development (PUD),No,Commercial,Commercial Rating 2006,2007,,POINT (-97.709006964 30.306354021),1,,10/01/2006,09/30/2007,Austin,TX
,Quarters Garage and Retail,73049,2222 RIO GRANDE ST,78705,1,0,0,0,0,1-star,,Residential/ Office/ Retail/ Other,University Neighborhood Overlay (UNO),No,Commercial,Commercial Rating 2006,2012,,POINT (-97.745506967 30.286559989),5,12,10/01/2011,09/30/2012,Austin,TX
,The Corner on San Gabriel,109455,2504 SAN GABRIEL ST,78705,1,0,0,0,0,1-star,,Residential,"University Neighborhood Overlay (UNO), S.M.A.R.T. Housing",No,Commercial,COMMERCIAL RATING 2013,2018,,POINT (-97.747783995 30.290131015),8,62,10/01/2017,09/30/2018,Austin,TX
,AISD LBJ Early College High School Theater Addition,10093,7309 LAZY CREEK DR,78724,0,0,0,1,0,4-star,,School,,Yes,Commercial,AISD Rating 2006,2007,,POINT (-97.65659199 30.313347001),1,,10/01/2006,09/30/2007,Austin,TX
,Soundcheck at Mueller,28985,1901 E 51ST ST,78723,0,0,1,0,0,3-star,,Office/ Other,Mueller Development (PUD),No,Commercial,Commercial Rating 2009,2013,,POINT (-97.696753963 30.301090018),1,,10/01/2012,09/30/2013,Austin,TX
,Fairmont Austin Hotel,1235825,101 RED RIVER ST,78701,0,1,0,0,0,2-star,,Hotel,"Downtown (CBD-DMU), Downtown CURE (CBD-CURE)",No,Commercial,Commercial Rating 2010,2018,,POINT (-97.738207 30.262126993),37,,10/01/2017,09/30/2018,Austin,TX
,360 Residential Condominiums,556201,360 NUECES ST,78701,1,0,0,0,0,1-star,,Residential/ Retail,Downtown (CBD-DMU),No,Commercial,Commercial Rating 2006,2008,,POINT (-97.749713006 30.267381021),44,430,10/01/2007,09/30/2008,Austin,TX
,Satellite Dialysis at Mueller,15100,1801 E 51ST ST G,78723,0,0,0,1,0,4-star,,Office/ Health Care,Mueller Development (PUD),No,Commercial,Commercial Rating 2010,2014,,POINT (-97.69830604 30.302518001),1,,10/01/2013,09/30/2014,Austin,TX
,Mueller Diamond,56404,1905 ALDRICH ST,78723,0,0,0,1,0,4-star,Gold,Office/ Retail/ Restaurant,Mueller Development (PUD),No,Commercial,COMMERCIAL RATING 2013,2019,,POINT (-97.705266037 30.297886999),3,,10/01/2018,09/30/2019,Austin,TX
,LCRA Tensco Phase I,8970,3505 MONTOPOLIS DR,78744,0,1,0,0,0,2-star,,Office/Warehouse,,Yes,Commercial,Pilot Commercial Rating,2003,,POINT (-97.709840041 30.209182995),1,,10/01/2002,09/30/2003,Austin,TX
,Firestone Complete Auto Care,7654,10515 N MOPAC EXPY SVRD NB P,78759,1,0,0,0,0,1-star,,Retail,North Burnet/Gateway,No,Commercial,Commercial Rating 2010,2012,,POINT (-97.732443017 30.389556983),1,,10/01/2011,09/30/2012,Austin,TX
,AUS Consolidated Maintenance Facility,112688,10100 GOLF COURSE RD,78719,0,0,0,0,0,,Silver,Office/ Warehouse/ Other,,Yes,Commercial,LEED BD+C: New Construction v3 - LEED 2009,2022,,POINT (-97.652739264 30.206619334),4,,10/01/2021,09/30/2022,Austin,TX
,Austin Energy System Control Center,192200,2500 MONTOPOLIS DR,78741,0,0,0,1,0,4-star,Gold,Office,,Yes,Commercial,Commercial Rating 2009,2014,,POINT (-97.708727009 30.219931989),3,,10/01/2013,09/30/2014,Austin,TX
,Dell Jewish Community Center,37805,7300 HART LN,78731,0,1,0,0,0,2-star,,Office/ Other,Dell Jewish Community Center (PUD),No,Commercial,COMMERCIAL RATING 2016,2023,,POINT (-97.757154963 30.35742701),2,,10/01/2022,09/30/2023,Austin,TX
,Temple Beth Shalom,22085,7300 HART LN,78731,0,1,0,0,0,2-star,,Office/ Worship,Dell Jewish Community Center (PUD),No,Commercial,Commercial Rating 2010,2014,,POINT (-97.757154963 30.35742701),2,,10/01/2013,09/30/2014,Austin,TX
,The Stay Put,3109,73 RAINEY ST,78701,1,0,0,0,0,1-star,,Other,Rainey Street (CBD),No,Commercial,COMMERCIAL RATING 2016,2023,,POINT (-97.738680997 30.258291015),1,,10/01/2022,09/30/2023,Austin,TX
,Velocity Credit Union Braker Lane Branch,3949,1201 W BRAKER LN,78758,0,1,0,0,0,2-star,,Office/Bank,,Yes,Commercial,Pilot Commercial Rating,2004,,POINT (-97.693618041 30.384514011),1,,10/01/2003,09/30/2004,Austin,TX
,AISD Overton Elementary School,80445,7201 COLONY LOOP DR,78724,0,0,1,0,0,3-star,,School,,Yes,Commercial,AISD Rating 2006,2007,,POINT (-97.635997989 30.300327013),1,,10/01/2006,09/30/2007,Austin,TX
,Mueller Cinema Alamo Drafthouse,36559,1911 ALDRICH ST,78723,0,0,0,1,0,4-star,,Restaurant/ Other,Mueller Development (PUD),No,Commercial,COMMERCIAL RATING 2013,2019,,POINT (-97.704329024 30.298674018),2,,10/01/2018,09/30/2019,Austin,TX
,WeWork,96654,801 BARTON SPRINGS RD,78704,0,0,1,0,0,3-star,,Office/ Restaurant,801 Barton Springs PUD,No,Commercial,COMMERCIAL RATING 2013,2019,,POINT (-97.752735018 30.258694016),8,,10/01/2018,09/30/2019,Austin,TX
,rue21 at Mueller,5646,1201 BARBARA JORDAN BLVD UNIT 420,78723,0,0,1,0,0,3-star,,Retail,Mueller Development (PUD),No,Commercial,Commercial Rating 2006,2008,,POINT (-97.70985999 30.30557002),1,,10/01/2007,09/30/2008,Austin,TX
,Dell Childrens Medical Center CT Neuro Suite Addition at Mueller,11105,4900 MUELLER BLVD,78723,0,0,0,0,0,,Gold,Health care,Mueller LEED only,No,Commercial,LEED BD+C: New Construction v2 - LEED 2.1,2010,,POINT (-97.706609991 30.303677009),1,,10/01/2009,09/30/2010,Austin,TX
,Walsh Tarlton Office and Parking Garage,56700,2530 WALSH TARLTON LN,78746,1,0,0,0,0,1-star,,Office,Individual RC - 1 Star,No,Commercial,COMMERCIAL RATING 2013,2018,,POINT (-97.811400042 30.260338001),4,,10/01/2017,09/30/2018,Austin,TX
,AISD Performing Arts Center at Mueller,68365,1500 BARBARA JORDAN BLVD,78723,0,0,0,0,1,5-star,Gold,Other,Mueller Development (PUD),No,Commercial,Commercial Rating 2009,2015,,POINT (-97.702827993 30.304542985),2,,10/01/2014,09/30/2015,Austin,TX
,Domain 8 Office Building and Garage,300257,11601 ALTERRA PKWY,78758,0,0,0,0,0,,Silver,Office,"Domain (PDA), Domain - LEED only",No,Commercial,LEED BD+C: Core and Shell v3 - LEED 2009,2018,,POINT (-97.71885503 30.401981981),11,,10/01/2017,09/30/2018,Austin,TX
,S.W. Austin Lowe's,135000,6400 BRODIE LN,78745,0,0,0,1,0,4-star,Gold,Retail,,Yes,Commercial,LEED BD+C: New Construction v2 – LEED 2.0,2005,,POINT (-97.829475029 30.219508996),1,,10/01/2004,09/30/2005,Austin,TX
,Waterloo Central,40186,701 E 5TH ST,78701,1,0,0,0,0,1-star,,Office/ Retail,Downtown (CBD-DMU),No,Commercial,COMMERCIAL RATING 2016,2023,,POINT (-97.736327023 30.265017995),5,,10/01/2022,09/30/2023,Austin,TX
,AISD Bernice Kiker Elementary School Addition,12783,5913 LA CROSSE AVE,78739,0,1,0,0,0,2-star,,School,,Yes,Commercial,AISD Rating 2006,2008,,POINT (-97.881462024 30.191582004),1,,10/01/2007,09/30/2008,Austin,TX
,Yugo Austin Waterloo,379220,2400 SETON AVE,78705,1,0,0,0,0,1-star,,Residential,University Neighborhood Overlay (UNO),No,Commercial,COMMERCIAL RATING 2016,2022,,POINT (-97.744164019 30.288083987),2,,10/01/2021,09/30/2022,Austin,TX
,AISD Pickle Elementary/St. John's Community Center,112362,1101 WHEATLEY AVE,78752,0,0,1,0,0,3-star,,School/Event Space,,Yes,Commercial,Pilot Commercial Rating,2002,,POINT (-97.69409296 30.332786017),1,,10/01/2001,09/30/2002,Austin,TX
,Natiivo,267750,48 EAST AVE,78701,0,1,0,0,0,2-star,,Residential/ Retail,"Downtown (CBD-DMU), Rainey Street (CBD), Downtown Density Bonus Program (DDBP)",No,Commercial,COMMERCIAL RATING 2013,2022,,POINT (-97.73884897 30.256484002),2,0,10/01/2021,09/30/2022,Austin,TX
,City of Austin Fire Station #18 - Women's Locker Room Addition,300,6111 BERKMAN DR,78723,0,0,0,0,0,pilot,,Municipal,,Yes,Commercial,Pilot Commercial Rating,2007,,POINT (-97.691789063 30.315227311),1,,10/01/2006,09/30/2007,Austin,TX
,5th and West Residential,328150,501 WEST AVE,78701,0,0,1,0,0,3-star,,Residential,"Downtown (CBD-DMU), Downtown Density Bonus Program (DDBP)",No,Commercial,COMMERCIAL RATING 2013,2019,,POINT (-97.750615989 30.26953999),39,154,10/01/2018,09/30/2019,Austin,TX
,AISD McCallum High School Addition,27406,5600 SUNSHINE DR,78756,0,0,0,0,1,5-star,,School,,Yes,Commercial,Commercial Rating 2009,2011,,POINT (-97.730278977 30.326200021),1,,10/01/2010,09/30/2011,Austin,TX
,Bed Bath and Beyond at Mueller,25145,1201 BARBARA JORDAN BLVD 2,78723,0,0,1,0,0,3-star,,Retail,Mueller Development (PUD),No,Commercial,Commercial Rating 2006,2007,,POINT (-97.709006964 30.306354021),1,,10/01/2006,09/30/2007,Austin,TX
,The Grove - 3B & 3C,68303,2717 PERSEVERANCE DR,78731,0,1,0,0,0,2-star,,Retail/ Restaurant,The Grove (PUD),No,Commercial,COMMERCIAL RATING 2016,2020,,POINT (-97.754379354 30.318644168),3,,10/01/2019,09/30/2020,Austin,TX
,Neighbors Emergency Center at Mueller,15155,1801 E 51ST ST H,78723,0,0,1,0,0,3-star,,Health Care,Mueller Development (PUD),No,Commercial,Commercial Rating 2010,2017,,POINT (-97.69830604 30.302518001),1,,10/01/2016,09/30/2017,Austin,TX
,The Callaway House Austin,314980,505 W 22ND ST,78705,0,0,1,0,0,3-star,Certified,Residential,"University Neighborhood Overlay (UNO), S.M.A.R.T. Housing",No,Commercial,Commercial Rating 2010,2014,,POINT (-97.743487012 30.284745013),17,219,10/01/2013,09/30/2014,Austin,TX
,Block 71,1110478,200 W 6TH ST,78701,0,0,0,1,0,4-star,,Office/ Retail,"Downtown (CBD-DMU), Downtown Density Bonus Program (DDBP)",No,Commercial,COMMERCIAL RATING 2016,2021,,POINT (-97.74474698 30.268915999),36,0,10/01/2020,09/30/2021,Del Valle,TX
,Seton Healthcare Family Administration Offices (CSFHAO) at Mueller,156700,1345 PHILOMENA ST,78723,0,0,0,1,0,4-star,Silver,Office,Mueller Development (PUD),No,Commercial,Commercial Rating 2006,2009,,POINT (-97.708315038 30.301727001),4,,10/01/2008,09/30/2009,Austin,TX
,Prosperity Bank,4048,7001 W US 290 HWY EB,78735,1,0,0,0,0,1-star,,Office,,Yes,Commercial,Commercial Rating 2009,2013,,POINT (-97.87410951 30.23334542),1,,10/01/2012,09/30/2013,Austin,TX
,Sustainable Food Center,7700,2921 E 17TH ST,78702,0,0,0,1,0,4-star,,Office/ Other,,Yes,Commercial,Commercial Rating 2010,2014,,POINT (-97.710082027 30.277994983),2,,10/01/2013,09/30/2014,Austin,TX
,Travis County Civil and Family Courts Facility,462832,1700 GUADALUPE ST,78701,0,0,0,1,0,4-star,,Office/ Other,"Downtown (CBD-DMU), Downtown Density Bonus Program (DDBP)",No,Commercial,COMMERCIAL RATING 2016,2023,,POINT (-97.742715039 30.28010299),12,,10/01/2022,09/30/2023,Austin,TX
,Westminster,248000,4100 JACKSON AVE,78731,0,0,1,0,0,3-star,,Residential/ Other,,Yes,Commercial,Commercial Rating 2008,2014,,POINT (-97.755586038 30.316046016),5,212,10/01/2013,09/30/2014,Austin,TX
,Mosaic at Mueller,432720,4600 MUELLER BLVD,78723,0,0,1,0,0,3-star,,Residential/ Retail,"Mueller Development (PUD), S.M.A.R.T. Housing",No,Commercial,Commercial Rating 2006,2010,,POINT (-97.708160979 30.29896202),4,433,10/01/2009,09/30/2010,Austin,TX
,Restoration Hardware at the Domain,48265,11720 DOMAIN BLVD,78758,0,0,0,0,0,,Gold,Retail,Domain (PDA),No,Commercial,LEED BD+C: Retail v3 - LEED 2009,2016,,POINT (-97.721329032 30.403260011),4,,10/01/2015,09/30/2016,Austin,TX
,1705 Guadalupe Street,48500,1705 GUADALUPE ST,78701,1,0,0,0,0,1-star,,Office,Downtown (CBD-DMU),No,Commercial,COMMERCIAL RATING 2013,2018,,POINT (-97.74191901 30.27997701),5,,10/01/2017,09/30/2018,Austin,TX
,1401 Philomena at Mueller,126587,1401 PHILOMENA ST,78723,0,0,1,0,0,3-star,Gold,Office,Mueller Development (PUD),No,Commercial,COMMERCIAL RATING 2016,2023,,POINT (-97.707178033 30.301246005),5,,10/01/2022,09/30/2023,Austin,TX
,La Vista de Guadalupe,39368,813 E 8TH ST,78702,1,0,0,0,0,1-star,,Residential,S.M.A.R.T. Housing,No,Commercial,Commercial Rating 2006,2009,,POINT (-97.732896981 30.267085014),4,22,10/01/2008,09/30/2009,Austin,TX
,Govalle Elementary School,80800,3601 GOVALLE AVE,78702,0,0,0,1,0,4-star,Silver,School,,Yes,Commercial,COMMERCIAL RATING 2016,2022,,POINT (-97.698340992 30.263795997),3,,10/01/2021,09/30/2022,Austin,TX
,Gables Park Tower,325350,111 SANDRA MURAIDA WAY,78703,0,0,0,1,0,4-star,,Residential/ Retail,Downtown (CBD-DMU),No,Commercial,Commercial Rating 2010,2017,,POINT (-97.754166982 30.267467019),18,222,10/01/2016,09/30/2017,Austin,TX
,The Standard at Austin,440272,715 W 23RD ST,78705,1,0,0,0,0,1-star,,Residential/ Retail,University Neighborhood Overlay (UNO),No,Commercial,COMMERCIAL RATING 2016,2021,,POINT (-97.745806034 30.286987005),17,277,10/01/2020,09/30/2021,Austin,TX
,University Federal Credit Union - Ben White Branch,5907,130 E BEN WHITE BLVD,78704,0,0,0,0,1,5-star,,Other,,Yes,Commercial,Commercial Rating 2006,2009,,POINT (-97.762360041 30.223221006),1,,10/01/2008,09/30/2009,Austin,TX
,Austin Lyric Opera,18716,901 BARTON SPRINGS RD,78704,0,0,0,0,0,pilot,,Office/Event Space,,Yes,Commercial,Pilot Commercial Rating,2000,,POINT (-97.753812008 30.259442981),3,,10/01/1999,09/30/2000,Austin,TX
,Domain 1 Office Building and Garage,168200,11801 DOMAIN BLVD,78758,0,0,0,0,0,,Gold,Office/ Retail,Domain (PDA),No,Commercial,LEED BD+C: Core and Shell v3 - LEED 2009,2017,,POINT (-97.720954026 30.404738998),5,,10/01/2016,09/30/2017,Austin,TX
,Next Door Creative,20800,1224 E 12TH ST,78702,0,0,1,0,0,3-star,,Office/ Other,,Yes,Commercial,COMMERCIAL RATING 2013,2020,,POINT (-97.726713986 30.272879005),3,,10/01/2019,09/30/2020,Austin,TX
,Wachovia Bank at Mueller,4000,1201 BARBARA JORDAN BLVD 10,78723,0,0,1,0,0,3-star,,Office,Mueller Development (PUD),No,Commercial,Commercial Rating 2006,2007,,POINT (-97.709532007 30.30662199),1,,10/01/2006,09/30/2007,Austin,TX
,Fashionique at Mueller,1390,1201 BARBARA JORDAN BLVD,78723,0,0,1,0,0,3-star,,Retail,Mueller Development (PUD),No,Commercial,Commercial Rating 2006,2009,,POINT (-97.709006964 30.306354021),1,,10/01/2008,09/30/2009,Austin,TX
,Next Door Restaurant,4554,201 BRAZOS ST,78701,1,0,0,0,0,1-star,,Restaurant,Downtown (CBD-DMU),No,Commercial,COMMERCIAL RATING 2016,2019,,POINT (-97.742438017 30.264092004),2,,10/01/2018,09/30/2019,Austin,TX
,People's Community Clinic,59346,1101 CAMINO LA COSTA,78752,0,1,0,0,0,2-star,,Health Care,,Yes,Commercial,COMMERCIAL RATING 2013,2018,,POINT (-97.699487972 30.323963016),2,,10/01/2017,09/30/2018,Austin,TX
,Colorado Tower,430000,303 COLORADO ST,78701,0,0,1,0,0,3-star,,Office/ Retail/ Restaurant,"Downtown (CBD-DMU), Downtown CURE (CBD-CURE)",No,Commercial,Commercial Rating 2010,2015,,POINT (-97.744683026 30.265885019),30,,10/01/2014,09/30/2015,Austin,TX
,Austin Energy Headquarters,275000,4815 MUELLER BLVD,78723,0,0,0,0,1,5-star,,Office,Mueller Development (PUD),No,Commercial,COMMERCIAL RATING 2016,2022,,POINT (-97.704676035 30.30156502),24,0,10/01/2021,09/30/2022,Austin,TX
,Republic Square,416891,401 Guadalupe St,78701,0,1,0,0,0,2-star,Certified,Residential/ Restaurant/ Hotel,Downtown (CBD-DMU),No,Commercial,Commercial Rating 2010,2021,,POINT (-97.746616983 30.267500002),25,221,10/01/2020,09/30/2021,Austin,TX
,Torre Student Housing,215913,2020 NUECES ST,78705,1,0,0,0,0,1-star,,Residential,"University Neighborhood Overlay (UNO), S.M.A.R.T. Housing",No,Commercial,COMMERCIAL RATING 2016,2021,,POINT (-97.744472976 30.283767013),19,153,10/01/2020,09/30/2021,Austin,TX
,"Dr. Hernandez, DDS at Mueller",2200,1201 BARBARA JORDAN BLVD UNIT 1430,78723,0,0,1,0,0,3-star,,Health Care,Mueller Development (PUD),No,Commercial,Commercial Rating 2006,2010,,POINT (-97.70985999 30.30557002),1,,10/01/2009,09/30/2010,Austin,TX
,Austin Film Society - Armory Building,20131,1901 E 51ST ST,78723,0,0,0,0,0,,Silver,Office,"Mueller Development (PUD), Mueller LEED only",No,Commercial,LEED BD+C: Core and Shell v3 - LEED 2009,2020,,POINT (-97.696753963 30.301090018),1,,10/01/2019,09/30/2020,Austin,TX
,"Austin Children's Shelter, Cottages",,sensitive location,78723,0,0,1,0,0,3-star,,Residential,Mueller Development (PUD),No,Commercial,Commercial Rating 2007,2011,,POINT (-97.6999965 30.2935393),1,5,10/01/2010,09/30/2011,Austin,TX
,Encino Trace - Phase 2,163350,5707 SOUTHWEST PKWY,78735,0,0,1,0,0,3-star,,Office,Encino Trace Development,No,Commercial,Commercial Rating 2010,2015,,POINT (-97.84453798 30.244095004),4,,10/01/2014,09/30/2015,Austin,TX
,Crescent Apartments,157140,127 E RIVERSIDE DR,78704,1,0,0,0,0,1-star,,Residential,S.M.A.R.T. Housing,No,Commercial,Commercial Rating 2006,2009,,POINT (-97.745980964 30.255629006),5,169,10/01/2008,09/30/2009,Austin,TX
,AISD Gus Garcia Young Men's Leadership Academy,160000,7414 JOHNNY MORRIS RD,78724,0,0,1,0,0,3-star,,School,,Yes,Commercial,AISD Rating 2006,2008,,POINT (-97.640719012 30.311299008),2,,10/01/2007,09/30/2008,Austin,TX
,Wells Fargo Branch Bank,4072,605 W 15TH ST,78701,1,0,0,0,0,1-star,,Office,Downtown (CBD-DMU),No,Commercial,Commercial Rating 2010,2017,,POINT (-97.745491042 30.278319991),1,,10/01/2016,09/30/2017,Austin,TX
,"Domain D1 Retail, D2, and C13 Garages",18260,11600 ALTERRA PKWY,78758,0,1,0,0,0,2-star,,Retail,Domain (PDA),No,Commercial,Commercial Rating 2010,2017,,POINT (-97.71972235 30.401702301),3,,10/01/2016,09/30/2017,Austin,TX
,Ballet Austin,26290,501 W 3RD ST,78701,1,0,0,0,0,1-star,,Other,Downtown (CBD-DMU),No,Commercial,Commercial Rating 2006,2012,,POINT (-97.749057961 30.266447989),2,,10/01/2011,09/30/2012,Austin,TX
,IBC Bank Plaza,239800,500 W 5TH ST,78701,1,0,0,0,0,1-star,,Office/Restaurant,Downtown (CBD-DMU),No,Commercial,Commercial Rating 2010,2015,,POINT (-97.748160007 30.268832012),13,,10/01/2014,09/30/2015,Austin,TX
,Anderson House,33500,103 E 30TH ST,78705,0,1,0,0,0,2-star,,Residential,0,Yes,Commercial,Commercial Rating 2006,2010,,POINT (-97.736924988 30.29359601),4,24,10/01/2009,09/30/2010,Austin,TX
,Austin Proper Hotel and Residences,495800,600 W 2ND ST,78701,0,1,0,0,0,2-star,,Residential/ Hotel,"Downtown (CBD-DMU), Green Water Treatment Plant Redevelopment",No,Commercial,COMMERCIAL RATING 2013,2020,,POINT (-97.749734967 30.266178008),33,120,10/01/2019,09/30/2020,Austin,TX
,AISD Baldwin Elementary School,98682,12200 MERIDIAN PARK BLVD,78739,0,0,1,0,0,3-star,,School,,Yes,Commercial,AISD Rating 2007,2011,,POINT (-97.923401966 30.184720997),2,,10/01/2010,09/30/2011,Austin,TX
,Norman-Sims Elementary School,70000,4001 TANNEHILL LN,78721,0,0,1,0,0,3-star,,School,,Yes,Commercial,COMMERCIAL RATING 2016,2023,,POINT (-97.674046968 30.278334995),2,,10/01/2022,09/30/2023,Austin,TX
,Aspen West Campus,209623,1909 RIO GRANDE ST,78705,1,0,0,0,0,1-star,,Residential,University Neighborhood Overlay (UNO),No,Commercial,COMMERCIAL RATING 2013,2018,,POINT (-97.744821998 30.283567021),17,166,10/01/2017,09/30/2018,Austin,TX
,Seaholm Residential Tower,375075,222 W AVE,78701,0,0,0,1,0,4-star,,Residential/ Retail/ Other,Downtown (CBD-DMU),No,Commercial,Commercial Rating 2010,2016,,POINT (-97.738795 30.267097),30,309,10/01/2015,09/30/2016,Austin,TX
,Hill Elementary School,21000,8601 TALLWOOD DR,78759,0,0,1,0,0,3-star,,School,,Yes,Commercial,COMMERCIAL RATING 2016,2022,,POINT (-97.748703993 30.376637997),19,340,10/01/2021,09/30/2022,Austin,TX
,Austin Film Society at Mueller,103900,1901 E 51ST ST,78723,0,0,1,0,0,3-star,,Other,Mueller Development (PUD),No,Commercial,Commercial Rating 2008,2019,,POINT (-97.696753963 30.301090018),1,,10/01/2018,09/30/2019,Austin,TX
,University Park,225812,3300 N IH 35 SVRD SB,78705,0,0,1,0,0,3-star,,Office,East Avenue (PUD),No,Commercial,Commercial Rating 2008,2011,,POINT (-97.722768037 30.29123202),8,,10/01/2010,09/30/2011,Austin,TX
,Homewood Suites,119970,78 7/8 N IH 35 SVRD SB,78701,1,0,0,0,0,1-star,,Hotel,Downtown (CBD-DMU),No,Commercial,COMMERCIAL RATING 2013,2019,,POINT (-97.73769713 30.258879979),17,,10/01/2018,09/30/2019,Austin,TX
,The Millennium Rainey Street,387555,91 RAINEY ST,78701,1,0,0,0,0,1-star,,Residential/ Retail,Downtown (CBD-DMU),No,Commercial,Commercial Rating 2010,2016,,POINT (-97.737995022 30.260197017),8,311,10/01/2015,09/30/2016,Austin,TX
,Barr Mansion,9156,10463 SPRINKLE RD,78754,0,0,0,0,0,pilot,,Event Space,,Yes,Commercial,Pilot Commercial Rating,2000,,POINT (-97.647296962 30.351800993),1,,10/01/1999,09/30/2000,Austin,TX
,Seton Medical Center at UT,517000,1500 RED RIVER ST,78701,0,0,0,1,0,4-star,Gold,Health Care,,Yes,Commercial,COMMERCIAL RATING 2013,2018,,POINT (-97.733990987 30.276594996),8,,10/01/2017,09/30/2018,Austin,TX
,Seven,233700,615 W 7TH ST,78701,0,1,0,0,0,2-star,,Residential,,Yes,Commercial,Commercial Rating 2010,2017,,POINT (-97.748857968 30.270491),24,221,10/01/2016,09/30/2017,Austin,TX
,The Block on 25th West,194437,2501 PEARL ST,78705,1,0,0,0,0,1-star,,Residential,University Neighborhood Overlay (UNO),No,Commercial,Commercial Rating 2006,2009,,POINT (-97.746311965 30.289760996),5,145,10/01/2008,09/30/2009,Austin,TX
,W Austin Hotel and Residences,695800,200 LAVACA ST,78701,0,0,0,1,0,4-star,Silver,Residential/ Retail/ Hotel/ Other,Downtown (CBD-DMU),No,Commercial,Commercial Rating 2006,2013,,POINT (-97.74697204 30.265628994),35,165,10/01/2012,09/30/2013,Austin,TX
,Chair King at Mueller,26055,1201 BARBARA JORDAN BLVD 9,78723,0,0,1,0,0,3-star,,Retail,Mueller Development (PUD),No,Commercial,Commercial Rating 2006,2007,,POINT (-97.709006964 30.306354021),1,,10/01/2006,09/30/2007,Austin,TX
,The Loren at Lady Bird Lake,137500,1211 W RIVERSIDE DR,78704,0,0,1,0,0,3-star,,Residential/ Office/ Retail/ Restaurant/ Hotel,211 South Lamar PUD,No,Commercial,COMMERCIAL RATING 2016,2024,,POINT (-97.756786997 30.263989996),8,25,10/01/2023,09/30/2024,Austin,TX
,Hyatt Place Austin Downtown,245000,211 E 3RD ST,78701,1,0,0,0,0,1-star,,Hotel,Downtown (CBD-DMU),No,Commercial,Commercial Rating 2010,2013,,POINT (-97.741883973 30.264417012),17,,10/01/2012,09/30/2013,Austin,TX
,Alexan Waterloo,464408,700 E 11TH ST,78701,0,1,0,0,0,2-star,,Residential/ Office,"Downtown (CBD-DMU), Downtown Density Bonus Program (DDBP)",No,Commercial,COMMERCIAL RATING 2016,2022,,POINT (-97.733919992 30.271091019),3,,10/01/2021,09/30/2022,Austin,TX
,Arbor Town Square Building A,9700,10721 RESEARCH BLVD SVRD NB,78759,1,0,0,0,0,1-star,,Retail/ Restaurant,North Burnet/Gateway,No,Commercial,Commercial Rating 2010,2017,,POINT (-97.744744968 30.398848993),1,,10/01/2016,09/30/2017,Austin,TX
,Seaholm Power Plant,163715,800 W CESAR CHAVEZ ST,78701,0,0,1,0,0,3-star,Gold,Office/ Retail,Downtown (CBD-DMU),No,Commercial,Commercial Rating 2010,2015,,POINT (-97.75266704 30.266285003),2,,10/01/2014,09/30/2015,Austin,TX
,Crossings at Lakeline - 2,116812,11001 LAKELINE BLVD 2,78717,1,0,0,0,0,1-star,,Office,,Yes,Commercial,Commercial Rating 2006,2010,,POINT (-97.794551746 30.480061085),3,,10/01/2009,09/30/2010,Austin,TX
,Third and Colorado,416000,300 Colorado St,78701,0,1,0,0,0,2-star,,Office/ Retail,"Downtown (CBD-DMU), Downtown Density Bonus Program (DDBP)",No,Commercial,COMMERCIAL RATING 2016,2021,,POINT (-97.74534 30.265992014),32,,10/01/2020,09/30/2021,Austin,TX
,AISD Gorzycki Middle School,172535,7412 W SLAUGHTER LN,78749,0,0,1,0,0,3-star,,School,,Yes,Commercial,AISD Rating 2007,2010,,POINT (-97.891877963 30.214364017),3,,10/01/2009,09/30/2010,Austin,TX
,TA Brown Elementary School,69000,7801 GUADALUPE ST,78752,0,0,0,1,0,4-star,Gold,School,,Yes,Commercial,COMMERCIAL RATING 2016,2021,,POINT (-97.70936001 30.344816018),2,0,10/01/2020,09/30/2021,Austin,TX
,HID Global World Headquarters,243600,611 CENTER RIDGE DR UNIT 1,78753,0,0,0,1,0,4-star,Platinum,Office/ Manufacturing,,Yes,Commercial,Commercial Rating 2010,2015,,POINT (-97.666467967 30.413884996),2,,10/01/2014,09/30/2015,Austin,TX
,1300 Guadalupe,54000,1300 GUADALUPE ST,78701,1,0,0,0,0,1-star,,Office,,Yes,Commercial,Commercial Rating 2008,2012,,POINT (-97.743896971 30.27636399),5,,10/01/2011,09/30/2012,Austin,TX
,Strictly Pediatrics Surgery Center at Mueller,129700,1301 BARBARA JORDAN BLVD,78723,0,0,1,0,0,3-star,,Health Care,Mueller Development (PUD),No,Commercial,Commercial Rating 2006,2007,,POINT (-97.707092034 30.305390018),4,,10/01/2006,09/30/2007,Austin,TX
,PetSmart  at Mueller,20463,1201 BARBARA JORDAN BLVD 8,78723,0,0,1,0,0,3-star,,Retail,Mueller Development (PUD),No,Commercial,Commercial Rating 2006,2008,,POINT (-97.709006964 30.306354021),1,,10/01/2007,09/30/2008,Austin,TX
,Austin Animal Center Kennel Addition,8565,7201 LEVANDER LOOP,78702,0,0,0,0,0,,Silver,Other,,Yes,Commercial,LEED BD+C: New Construction v3 - LEED 2009,2019,,POINT (-97.689318041 30.252743997),1,,10/01/2018,09/30/2019,Austin,TX
,Wells Branch Community Library,16114,15001 WELLS PORT DR,78728,0,1,0,0,0,2-star,,Library,,Yes,Commercial,Pilot Commercial Rating,2004,,POINT (-97.675837007 30.44605298),1,,10/01/2003,09/30/2004,Austin,TX
,The Ruckus,68977,2502 NUECES ST,78705,1,0,0,0,0,1-star,,Residential,University Neighborhood Overlay (UNO),No,Commercial,COMMERCIAL RATING 2013,2018,,POINT (-97.743341 30.289622988),7,46,10/01/2017,09/30/2018,Austin,TX
,HCS Salon & Spa at Mueller,1471,1201 BARBARA JORDAN BLVD 13 UNIT 1410,78723,0,1,0,0,0,2-star,,Retail,Mueller Development (PUD),No,Commercial,Commercial Rating 2006,2012,,POINT (-97.70985999 30.30557002),1,,10/01/2011,09/30/2012,Austin,TX
,St. David's North Austin Medical Center Fourth Floor Medical/Surgical Expansion,21214,12221 N MOPAC EXPY SVRD NB,78758,0,1,0,0,0,2-star,,Health Care,North Austin Medical Center PUD,No,Commercial,COMMERCIAL RATING 2016,2023,,POINT (-97.707943084 30.412279184),1,,10/01/2022,09/30/2023,Austin,TX
,21 Rio,229694,2101 RIO GRANDE ST,78705,1,0,0,0,0,1-star,,Residential/ Retail,University Neighborhood Overlay (UNO),No,Commercial,Commercial Rating 2006,2009,,POINT (-97.744741029 30.28428799),20,158,10/01/2008,09/30/2009,Austin,TX
,Dos Salsas Restaurant,18385,11301 BURNET RD 1,78758,1,0,0,0,0,1-star,,Restaurant,North Burnet/Gateway,No,Commercial,COMMERCIAL RATING 2013,2020,,POINT (-97.717474027 30.398235019),2,0,10/01/2019,09/30/2020,Austin,TX
,Hyatt Centric Congress Avenue Austin,180235,721 CONGRESS AVE,78701,0,1,0,0,0,2-star,,Office/ Hotel,Downtown (CBD-DMU),No,Commercial,COMMERCIAL RATING 2013,2023,,POINT (-97.741768974 30.26963898),31,,10/01/2022,09/30/2023,Austin,TX
,Big Brothers Big Sisters,21000,4800 MANOR RD 2,78723,0,0,1,0,0,3-star,,Office,Mueller Development (PUD),No,Commercial,Commercial Rating 2010,2018,,POINT (-97.689950959 30.296338988),2,,10/01/2017,09/30/2018,Austin,TX
,Capstone Mixed-Use,199627,2200 NUECES ST,78705,1,0,0,0,0,1-star,,Residential/ Office/ Worship,University Neighborhood Overlay (UNO),No,Commercial,COMMERCIAL RATING 2016,2019,,POINT (-97.744211963 30.285384008),18,129,10/01/2018,09/30/2019,Austin,TX
,City of Austin Fire Station #4 - Women's Locker Room Addition,238,1000 BLANCO ST,78703,0,0,0,0,0,pilot,,Municipal,,Yes,Commercial,Pilot Commercial Rating,2007,,POINT (-97.754974997 30.276644994),1,,10/01/2006,09/30/2007,Austin,TX
,AISD Blazier Elementary School,82000,8601 VERTEX BLVD,78744,0,1,0,0,0,2-star,,School,,Yes,Commercial,AISD Rating 2006,2008,,POINT (-97.751473038 30.156099019),1,,10/01/2007,09/30/2008,Austin,TX
,Domain 7 Office Building,230320,11501 ALTERRA PKWY,78758,0,0,0,0,0,,Silver,Office,Domain (PDA),No,Commercial,LEED BD+C: Core and Shell v3 - LEED 2009,2015,,POINT (-97.719188965 30.400938015),6,,10/01/2014,09/30/2015,Austin,TX
,Lakeway Regional Medical Center,270510,100 MEDICAL PKWY,78738,0,0,1,0,0,3-star,Silver,Health Care,,Yes,Commercial,Commercial Rating 2009,2014,,POINT (-97.971576032 30.332971006),8,,10/01/2013,09/30/2014,Austin,TX
,2400 Nueces,383770,2400 NUECES ST,78705,0,0,0,1,0,4-star,Gold,Residential/ Retail,S.M.A.R.T. Housing,No,Commercial,Commercial Rating 2009,2014,,POINT (-97.74345097 30.288425004),16,304,10/01/2013,09/30/2014,Austin,TX
,Metric Industrial,9980,9400 METRIC BLVD,78758,1,0,0,0,0,1-star,,Office/ Warehouse,North Burnet/Gateway,No,Commercial,COMMERCIAL RATING 2016,2020,,POINT (-97.720214994 30.375708989),1,0,10/01/2019,09/30/2020,Austin,TX
,Austin Junior Volleyball Headquarters,13664,425 WOODWARD ST,78704,1,0,0,0,0,1-star,,Event Center,,Yes,Commercial,Pilot Commercial Rating,2003,,POINT (-97.755856019 30.226977021),2,,10/01/2002,09/30/2003,Austin,TX
,Hilton Garden Inn (17th and Lavaca Hotel),133977,301 W 17TH ST,78701,0,1,0,0,0,2-star,,Hotel,"Downtown (CBD-DMU), Downtown Density Bonus Program (DDBP)",No,Commercial,COMMERCIAL RATING 2016,2022,,POINT (-97.741412994 30.279377997),3,,10/01/2021,09/30/2022,Austin,TX
,Austin Music Hall,43000,208 NUECES ST,78701,1,0,0,0,0,1-star,,Restaurant/ Other,Downtown (CBD-DMU),No,Commercial,Commercial Rating 2006,2011,,POINT (-97.750022969 30.26670502),2,,10/01/2010,09/30/2011,Austin,TX
,Domain 10,293229,11815 ALTERRA PKWY,78758,0,0,0,0,0,,Gold,Office,Domain (PDA),No,Commercial,LEED BD+C: Core and Shell v3 - LEED 2009,2020,,POINT (-97.718629976 30.403614985),15,,10/01/2019,09/30/2020,Austin,TX
,Indian Hills Phase 1,50000,6201 QUINN LUKE TRL,78724,0,1,0,0,0,2-star,,Office,Indian Hills,No,Commercial,COMMERCIAL RATING 2013,2021,,POINT (-97.63515 30.2882753),1,0,10/01/2020,09/30/2021,Austin,TX
,St. Stephen's Episcopal School - Middle School,11646,6500 ST STEPHENS DR,78746,0,0,1,0,0,3-star,,School,,Yes,Commercial,Pilot Commercial Rating,2006,,POINT (-97.816473021 30.329340007),1,,10/01/2005,09/30/2006,Austin,TX
,Austin Marriot Downtown,588800,304 E CESAR CHAVEZ ST,78701,0,0,1,0,0,3-star,,Hotel,"Downtown (CBD-DMU), Downtown Density Bonus Program (DDBP)",No,Commercial,COMMERCIAL RATING 2016,2020,,POINT (-97.741575017 30.262835012),30,0,10/01/2019,09/30/2020,Austin,TX
,AISD T. A. Brown Elementary School,7000,505 W ANDERSON LN,78752,0,0,1,0,0,3-star,,School,,Yes,Commercial,Commercial Rating 2009,2012,,POINT (-97.70936001 30.344816018),1,,10/01/2011,09/30/2012,Austin,TX
,300 West Sixth Street,483917,300 W 6TH ST,78701,0,0,1,0,0,3-star,,Office,,Yes,Commercial,Pilot Commercial Rating,2002,,POINT (-97.745612998 30.269336016),23,,10/01/2001,09/30/2002,Austin,TX
,26 West,498984,600 W 26TH ST,78705,1,0,0,0,0,1-star,,Residential,University Neighborhood Overlay (UNO),No,Commercial,Commercial Rating 2006,2008,,POINT (-97.74360503 30.291398987),7,366,10/01/2007,09/30/2008,Austin,TX
,St. Edward’s University John Brooks Williams Natural Sciences Facility - Phase II,56535,3301 S CONGRESS AVE,78704,0,0,1,0,0,3-star,,Office/ School,,Yes,Commercial,Commercial Rating 2010,2014,,POINT (-97.759754106 30.230317305),3,,10/01/2013,09/30/2014,Austin,TX
,Austin City College Phase 2 + Parking Garage,418580,6101 HIGHLAND CAMPUS DR,78752,0,1,0,0,0,2-star,Gold,School/ Other,,Yes,Commercial,COMMERCIAL RATING 2016,2022,,POINT (-97.71356102 30.325979996),2,,10/01/2021,09/30/2022,Austin,TX
,Covered Bridge Lot 2A / Lot 3A,19500,8701 W SH 71,78735,0,1,0,0,0,2-star,,Office/ Retail,Covered Bridge PUD,No,Commercial,COMMERCIAL RATING 2013,2019,,POINT (-97.895536999 30.249849013),1,,10/01/2018,09/30/2019,Austin,TX
,Verdance Condos,39640,3200 GRANDVIEW ST,78705,1,0,0,0,0,1-star,,Residential,University Neighborhood Overlay (UNO),No,Commercial,Commercial Rating 2006,2011,,POINT (-97.744549 30.301550981),8,16,10/01/2010,09/30/2011,Austin,TX
,ABC Bank - American Bank of Commerce,30055,610 W 5TH ST,78701,1,0,0,0,0,1-star,,Office/ Other,Downtown (CBD-DMU),No,Commercial,Commercial Rating 2006,2007,,POINT (-97.749439002 30.269195996),6,,10/01/2006,09/30/2007,Austin,TX
,Truluck's Seafood Steak & Crab House,16030,400 COLORADO ST,78701,1,0,0,0,0,1-star,,Restaurant,Downtown (CBD-DMU),No,Commercial,Commercial Rating 2010,2017,,POINT (-97.745024002 30.266815997),2,,10/01/2016,09/30/2017,Austin,TX
,Retail Building 10 at Mueller,10990,1200 BARBARA JORDAN BLVD 10,78723,0,0,0,0,0,,Silver,Retail,Mueller LEED only,No,Commercial,LEED BD+C: Core and Shell v2 - LEED 2.0,2017,,POINT (-97.70983803 30.307796002),1,,10/01/2016,09/30/2017,Austin,TX
,Jamba Juice at Mueller,1389,1201 BARBARA JORDAN BLVD 12 UNIT 1295,78723,0,0,1,0,0,3-star,,Retail,Mueller Development (PUD),No,Commercial,Commercial Rating 2006,2009,,POINT (-97.70985999 30.30557002),1,,10/01/2008,09/30/2009,Austin,TX
,TownePlace Suites by Marriott near Domain,60589,2237 BRAKER LN,78758,1,0,0,0,0,1-star,,Hotel,North Burnet/Gateway,No,Commercial,COMMERCIAL RATING 2016,2021,,POINT (-97.712803966 30.390764019),5,0,10/01/2020,09/30/2021,Austin,TX
,SEDL at Mueller,51625,4700 MUELLER BLVD,78723,0,0,0,0,0,,Silver,Office,Mueller LEED only,No,Commercial,LEED BD+C: New Construction v2 - LEED 2.1,2009,,POINT (-97.706445035 30.300667989),2,,10/01/2008,09/30/2009,Austin,TX
,St. Edward's University Alumni Gym (Remodel),14395,3001 S CONGRESS AVE,78704,0,0,1,0,0,3-star,,Office/ Other,,Yes,Commercial,Commercial Rating 2010,2015,,POINT (-97.755554019 30.232142997),1,,10/01/2014,09/30/2015,Austin,TX
,Ben White Mini Storage,76950,6130 E BEN WHITE BLVD,78741,0,0,0,1,0,4-star,,Office/ Warehouse,,Yes,Commercial,Commercial Rating 2013,2016,,POINT (-97.713498994 30.213420005),3,,10/01/2015,09/30/2016,Austin,TX
,Austin Community College Parking Garage,2861,824 W 12TH ST,78701,0,0,1,0,0,3-star,,Other,,Yes,Commercial,Commercial Rating 2007,2010,,POINT (-97.749445037 30.276627015),6,,10/01/2009,09/30/2010,Austin,TX
,Waterloo Park and Performance Venue,29000,500 E 12TH St,78701,0,0,0,1,0,4-star,,Other,,Yes,Commercial,COMMERCIAL RATING 2016,2021,,POINT (-97.735755964 30.273142993),1,,10/01/2020,09/30/2021,Austin,TX
,Paloma Ridge - Buildings A & B,212400,13620 N FM 620 RD SB,78717,1,0,0,0,0,1-star,,Office,,Yes,Commercial,COMMERCIAL RATING 2013,2020,,POINT (-97.77881028 30.476522078),2,,10/01/2019,09/30/2020,Austin,TX
,AISD Kealing Middle School Addition,34000,1607 PENNSYLVANIA AVE,78702,0,0,0,1,0,4-star,,School,,Yes,Commercial,AISD Rating 2006,2007,,POINT (-97.721416036 30.270961016),1,,10/01/2006,09/30/2007,Austin,TX
,The Salvation Army Corps Community & Administration Center,23600,4700 MANOR RD,78723,0,1,0,0,0,2-star,,Office/ Worship/ Other,,Yes,Commercial,COMMERCIAL RATING 2013,2019,,POINT (-97.689686007 30.294834017),2,,10/01/2018,09/30/2019,Austin,TX
,Velocity Credit Union Slaughter Lane Branch,3949,9300 S IH 35 SVRD SB I,78748,0,1,0,0,0,2-star,,Office/Bank,,Yes,Commercial,Pilot Commercial Rating,2005,,POINT (-97.789643974 30.165157006),1,,10/01/2004,09/30/2005,Austin,TX
,Greenwater Apartments (The Northshore),616385,110 SAN ANTONIO ST,78701,0,0,1,0,0,3-star,Silver,Residential/ Office/ Retail/ Restaurant,"Downtown (CBD-DMU), Green Water Treatment Plant Redevelopment",No,Commercial,Commercial Rating 2010,2018,,POINT (-97.749484013 30.26531199),38,439,10/01/2017,09/30/2018,Austin,TX
,Bodhi Yoga,4800,12801 SHOPS PKWY,78738,0,1,0,0,0,2-star,,Retail,,Yes,Commercial,Commercial Rating 2008,2013,,POINT (-97.942294021 30.30578401),1,,10/01/2012,09/30/2013,Austin,TX
,HillTop Student Housing,224730,2400 SAN GABRIEL ST,78705,1,0,0,0,0,1-star,,Residential,"University Neighborhood Overlay (UNO), S.M.A.R.T. Housing",No,Commercial,COMMERCIAL RATING 2016,2021,,POINT (-97.748104016 30.28839001),8,142,10/01/2020,09/30/2021,Austin,TX
,Doss Elementary School,145372,7005 NORTHLEDGE DR,78731,0,0,0,1,0,4-star,,School,,Yes,Commercial,COMMERCIAL RATING 2016,2022,,POINT (-97.760063986 30.355178984),5,,10/01/2021,09/30/2022,Austin,TX
,SkyHouse Austin,339730,51 RAINEY ST,78701,1,0,0,0,0,1-star,,Residential/ Retail,Downtown (CBD-DMU),No,Commercial,Commercial Rating 2010,2014,,POINT (-97.739208973 30.256889979),23,320,10/01/2013,09/30/2014,Austin,TX
,City of Austin Fire Station #15 - Women's Locker Room Addition,220,829 AIRPORT BLVD,78702,0,0,0,0,0,pilot,,Municipal,,Yes,Commercial,Pilot Commercial Rating,2007,,POINT (-97.69268698 30.256909006),1,,10/01/2006,09/30/2007,Austin,TX
,Pressler Apartments,221060,507 PRESSLER ST,78703,1,0,0,0,0,1-star,,Residential,,Yes,Commercial,Commercial Rating 2008,2010,,POINT (-97.76006298 30.27285499),5,169,10/01/2009,09/30/2010,Austin,TX
,CVS Pharmacy #11306,14724,7101 E WILLIAM CANNON DR,78744,0,1,0,0,0,2-star,,Retail,Pilot Knob (PUD),No,Commercial,COMMERCIAL RATING 2016,2023,,POINT (-97.725839775 30.163039405),1,,10/01/2022,09/30/2023,Austin,TX
,21 Pearl - West Campus Apartments,106000,911 W 21ST ST,78705,1,0,0,0,0,1-star,,Residential,University Neighborhood Overlay (UNO),No,Commercial,Commercial Rating 2006,2013,,POINT (-97.747113024 30.284636007),6,135,10/01/2012,09/30/2013,Austin,TX
,"Austin Children's Shelter, General Services Building",,sensitive location,78723,0,0,1,0,0,3-star,,Office,Mueller Development (PUD),No,Commercial,Commercial Rating 2007,2011,,POINT (-97.6999965 30.2935393),1,,10/01/2010,09/30/2011,Austin,TX
,Austin Habitat for Humanity Warehouses,18424,3300 S US HWY 183,78744,1,0,0,0,0,1-star,,Office/ Warehouse,,Yes,Commercial,COMMERCIAL RATING 2016,2023,,POINT (-97.683833145 30.201569314),1,,10/01/2022,09/30/2023,Austin,TX
,Trails at Vintage Creek Learning Center,4600,7224 NORTHEAST DR,78723,0,1,0,0,0,2-star,,Office/Event Space,,Yes,Commercial,Pilot Commercial Rating,2005,,POINT (-97.680220994 30.321530001),2,,10/01/2004,09/30/2005,Austin,TX
,Braker Pointe #3,203268,10801 N MOPAC EXPY SVRD NB 1,78759,0,0,1,0,0,3-star,,Office,,Yes,Commercial,Pilot Commercial Rating,2001,,POINT (-97.730208988 30.397183006),4,,10/01/2000,09/30/2001,Austin,TX
,Ronald McDonald House Charities,28240,1315 BARBARA JORDAN BLVD,78723,0,0,0,0,0,,Platinum,Office,Mueller LEED only,No,Commercial,LEED BD+C: New Construction v2 - LEED 2.1,2009,,POINT (-97.70689397 30.304681999),4,,10/01/2008,09/30/2009,Austin,TX
,Cirrus Logic Phase II,15921,710 W 7TH ST,78701,1,0,0,0,0,1-star,,Office,Downtown (CBD-DMU),No,Commercial,Commercial Rating 2010,2019,,POINT (-97.749809985 30.271391007),8,,10/01/2018,09/30/2019,Austin,TX
,Southpark Meadows,303777,9500 S IH 35 SVRD,78748,0,1,0,0,0,2-star,,Office/ Retail/ Restaurant,,Yes,Commercial,Commercial Rating 2006,2010,,POINT (-97.79063899 30.160989985),1,,10/01/2009,09/30/2010,Austin,TX
,DOTS Fashion at Mueller,4070,1201 BARBARA JORDAN BLVD UNIT 309,78723,0,0,1,0,0,3-star,,Retail,Mueller Development (PUD),No,Commercial,Commercial Rating 2006,2008,,POINT (-97.709006964 30.306354021),1,,10/01/2007,09/30/2008,Austin,TX
,Canopy Hotel Austin,87027,612 W 6TH ST,78701,0,0,1,0,0,3-star,,Restaurant/ Hotel,Downtown (CBD-DMU),No,Commercial,COMMERCIAL RATING 2016,2022,,POINT (-97.749006999 30.270079994),29,347,10/01/2021,09/30/2022,Austin,TX
,BJ's Restaurant & Brewhouse,7453,10515 N MOPAC EXPY SVRD NB B UNIT 200,78759,1,0,0,0,0,1-star,,Restaurant,North Burnet/Gateway,No,Commercial,Commercial Rating 2010,2017,,POINT (-97.732443017 30.389556983),1,,10/01/2016,09/30/2017,Austin,TX
,Texas PTA,20185,408 W 11TH ST,78701,1,0,0,0,0,1-star,,Office/ Restaurant/ Other,Downtown (CBD-DMU),No,Commercial,Commercial Rating 2010,2017,,POINT (-97.744941021 30.274037006),5,,10/01/2016,09/30/2017,Austin,TX
,in.gredients,1850,2610 MANOR RD,78722,1,0,0,0,0,1-star,,Grocery,,Yes,Commercial,Commercial Rating 2010,2015,,POINT (-97.714483029 30.285340003),2,,10/01/2014,09/30/2015,Austin,TX
,Domain Y2 Retail Building,18800,11700 DOMAIN BLVD,78758,0,1,0,0,0,2-star,,Retail,Domain (PDA),No,Commercial,Commercial Rating 2010,2018,,POINT (-97.720973975 30.403093002),1,,10/01/2017,09/30/2018,Austin,TX
,Whole Foods Market - East Block Office Building,145150,501 BOWIE ST,78703,0,1,0,0,0,2-star,,Office,"Downtown (CBD-DMU), Downtown CURE (CBD-CURE)",No,Commercial,COMMERCIAL RATING 2016,2022,,POINT (-97.753061994 30.269808073),6,0,10/01/2021,09/30/2022,Austin,TX
,Hilton Garden Inn,103906,2600 Brockton Drive,78758,1,0,0,0,0,1-star,,Hotel,North Burnet/Gateway,No,Commercial,COMMERCIAL RATING 2016,2021,,POINT (-97.719374037 30.393107012),5,0,10/01/2020,09/30/2021,Austin,TX
,AISD Akins High School Addition #1,17500,10701 S 1ST ST,78748,0,1,0,0,0,2-star,,School,,Yes,Commercial,AISD Rating 2006,2009,,POINT (-97.800974966 30.148788993),1,,10/01/2008,09/30/2009,Austin,TX
,JW Marriott Austin,1005815,110 E 2ND ST,78701,0,0,0,1,0,4-star,,Retail/ Restaurant/ Hotel/ Other,,Yes,Commercial,Commercial Rating 2010,2016,,POINT (-97.743301018 30.26454798),33,,10/01/2015,09/30/2016,Austin,TX
,Oracle Waterfront Campus,560000,2300 ORACLE WAY,78741,0,0,0,1,0,4-star,,Office,Lakeshore (PUD),No,Commercial,COMMERCIAL RATING 2013,2019,,POINT (-97.721168016 30.242024004),8,,10/01/2018,09/30/2019,Austin,TX
,Tino's Greek Café at Mueller,2367,1201 BARBARA JORDAN BLVD UNIT 1230,78723,0,1,0,0,0,2-star,,Restaurant,Mueller Development (PUD),No,Commercial,Commercial Rating 2006,2012,,POINT (-97.70985999 30.30557002),1,,10/01/2011,09/30/2012,Austin,TX
,Domain 11,336327,11920 ALTERRA PKWY,78758,0,0,1,0,0,3-star,Gold,Office/ Retail,"Domain (PDA), Domain - LEED only",No,Commercial,LEED BD+C: Core and Shell v3 - LEED 2009,2019,,POINT (-97.719620968 30.405286001),16,,10/01/2018,09/30/2019,Austin,TX
,Whisper Valley Discovery and Amenity Center,6080,9400 PETRICHOR BLVD,78653,0,0,1,0,0,3-star,,Office/ Other,Whisper Valley (PUD),No,Commercial,COMMERCIAL RATING 2013,2019,,POINT (-97.55381896 30.292684981),1,,10/01/2018,09/30/2019,Manor,TX
,Texas Bankers Association Headquarters,107652,203 W 10TH ST,78701,1,0,0,0,0,1-star,,Office/ Retail,Downtown (CBD-DMU),No,Commercial,COMMERCIAL RATING 2016,2023,,POINT (-97.743431021 30.272106989),10,,10/01/2022,09/30/2023,Austin,TX
,Marshalls at Mueller,28750,1201 BARBARA JORDAN BLVD 3,78723,0,0,1,0,0,3-star,,Retail,Mueller Development (PUD),No,Commercial,Commercial Rating 2006,2007,,POINT (-97.709006964 30.306354021),1,,10/01/2006,09/30/2007,Austin,TX
,Randolph Brooks Federal Credit Union - Burnet Branch,4075,10712 BURNET RD,78758,0,0,1,0,0,3-star,,Office,Domain (PDA),No,Commercial,Commercial Rating 2010,2013,,POINT (-97.721989023 30.392329004),1,,10/01/2012,09/30/2013,Austin,TX
,Hyatt Place Airport,77815,9532 SPIRIT OF AUSTIN LN,78719,0,1,0,0,0,2-star,,Hotel,,Yes,Commercial,COMMERCIAL RATING 2013,2018,,POINT (-97.665077996 30.210609008),4,,10/01/2017,09/30/2018,Austin,TX
,AISD Hart Elementary School,11020,8301 FURNESS DR,78753,0,0,1,0,0,3-star,,School,,Yes,Commercial,Commercial Rating 2009,2012,,POINT (-97.688061007 30.342464014),1,,10/01/2011,09/30/2012,Austin,TX
,Carver Library,15739,1161 ANGELINA ST,78702,0,0,0,0,0,,Certified,Library,,Yes,Commercial,LEED BD+C: New Construction v2 – LEED 2.1,2006,,POINT (-97.724265967 30.269948021),1,,10/01/2005,09/30/2006,Austin,TX
,City of Austin Fire Station #6 - Women's Locker Room Addition,230,1701 S CONGRESS AVE,78704,0,0,0,0,0,pilot,,Municipal,,Yes,Commercial,Pilot Commercial Rating,2007,,POINT (-97.750355982 30.246792007),1,,10/01/2006,09/30/2007,Austin,TX
,Origin Hotel Austin,70904,1825 MC BEE ST,78723,0,0,1,0,0,3-star,Silver,Retail/ Hotel,Mueller Development (PUD),No,Commercial,COMMERCIAL RATING 2016,2023,,POINT (-97.70464324 30.29812542),5,,10/01/2022,09/30/2023,Austin,TX
,Residence Inn at Mueller,82150,1209 E 51ST ST,78723,0,0,0,0,0,,Silver,Hotel,Mueller LEED only,No,Commercial,LEED BD+C: New Construction v2 - LEED 2.2,2014,,POINT (-97.70721902 30.307286005),4,,10/01/2013,09/30/2014,Austin,TX
,AISD Guerrero Thompson Elementary School,98775,102 E RUNDBERG LN,78753,0,0,0,1,0,4-star,Silver,School,,Yes,Commercial,Commercial Rating 2009,2014,,POINT (-97.692615985 30.361815985),2,,10/01/2013,09/30/2014,Austin,TX
,Austin Federal Credit Union Main Office,6588,1900 WOODWARD ST,78741,0,1,0,0,0,2-star,,Office/Bank,,Yes,Commercial,Pilot Commercial Rating,2004,,POINT (-97.743399002 30.219539004),1,,10/01/2003,09/30/2004,Austin,TX
,St. David's North Austin Medical Center Women's Services Expansion,85168,12221 N MOPAC EXPY SVRD NB,78758,0,1,0,0,0,2-star,,Health Care,North Austin Medical Center PUD,No,Commercial,COMMERCIAL RATING 2016,2023,,POINT (-97.707943084 30.412279184),4,,10/01/2022,09/30/2023,Austin,TX
,Mueller Retail Building 6,6450,1201 BARBARA JORDAN BLVD 6,78723,0,0,1,0,0,3-star,,Retail,Mueller Development (PUD),No,Commercial,COMMERCIAL RATING 2013,2018,,POINT (-97.709006964 30.306354021),1,,10/01/2017,09/30/2018,Austin,TX
,The Quincy,425223,91 RED RIVER ST,78701,0,1,0,0,0,2-star,,Residential/ Office/ Retail,"Downtown (CBD-DMU), Rainey Street (CBD), Downtown Density Bonus Program (DDBP)",No,Commercial,COMMERCIAL RATING 2016,2022,,POINT (-97.738735982 30.260881987),17,0,10/01/2021,09/30/2022,Austin,TX
,1400 Lavaca Office Building,150700,1400 LAVACA ST,78701,0,1,0,0,0,2-star,,Office/ Restaurant/ Other,"Downtown (CBD-DMU), Downtown Density Bonus Program (DDBP)",No,Commercial,COMMERCIAL RATING 2016,2019,,POINT (-97.742725014 30.277083996),13,,10/01/2018,09/30/2019,Austin,TX
,Home2 Suites by Hilton,81585,2800 ESPERANZA XING,78758,1,0,0,0,0,1-star,,Hotel,North Burnet/Gateway,No,Commercial,Commercial Rating 2010,2015,,POINT (-97.718582031 30.398529014),5,,10/01/2014,09/30/2015,Austin,TX
,Cava Domain,3020,10808 DOMAIN DR,78758,1,0,0,0,0,1-star,,Restaurant,North Burnet/Gateway,No,Commercial,COMMERCIAL RATING 2016,2020,,POINT (-97.726524974 30.394163006),1,0,10/01/2019,09/30/2020,Austin,TX
,Prominent Point II,105357,8310 N CAPITAL OF TEXAS HWY SB,78731,1,0,0,0,0,1-star,,Office,,Yes,Commercial,Commercial Rating 2006,2010,,POINT (-97.768382019 30.385893001),3,,10/01/2009,09/30/2010,Austin,TX
,First Lockhart National Bank,7020,319 W SLAUGHTER LN,78748,1,0,0,0,0,1-star,,Office,,Yes,Commercial,Commercial Rating 2010,2017,,POINT (-97.795922019 30.168584995),2,,10/01/2016,09/30/2017,Austin,TX
,Central Texas Food Bank,133714,6500 METROPOLIS DR,78744,0,0,1,0,0,3-star,,Office/ Warehouse/ Other,,Yes,Commercial,Commercial Rating 2013,2017,,POINT (-97.709840041 30.203701984),1,,10/01/2016,09/30/2017,Austin,TX
,216 East Fourth Street,18015,216 E 4TH ST,78701,0,0,0,0,0,pilot,,Office/Event Space,,Yes,Commercial,Pilot Commercial Rating,2000,,POINT (-97.741328002 30.265892018),3,,10/01/1999,09/30/2000,Austin,TX
,Austin Central Library,198588,710 W CESAR CHAVEZ ST,78701,0,0,0,0,0,,Platinum,Other,,Yes,Commercial,LEED BD+C: New Construction v3 - LEED 2009,2019,,POINT (-97.751692979 30.266101984),6,,10/01/2018,09/30/2019,Austin,TX
,St. David's Parking Garage and Medical Office Bldg,81890,919 E 32ND ST,78705,1,0,0,0,0,1-star,,Health Care,St. David's Medical Center (PUD),No,Commercial,Commercial Rating 2008,2011,,POINT (-97.725881998 30.289889993),8,,10/01/2010,09/30/2011,Austin,TX
,AISD Bowie High School Addition,9078,4103 W SLAUGHTER LN,78749,0,0,1,0,0,3-star,,School,,Yes,Commercial,Commercial Rating 2009,2011,,POINT (-97.859346037 30.186825986),1,,10/01/2010,09/30/2011,Austin,TX
,Moontower,278630,2204 SAN ANTONIO ST,78705,1,0,0,0,0,1-star,,Residential/ Retail,"University Neighborhood Overlay (UNO), S.M.A.R.T. Housing",No,Commercial,COMMERCIAL RATING 2016,2021,,POINT (-97.743146037 30.285658012),18,166,10/01/2020,09/30/2021,Austin,TX
,Google in The Scarbrough Building,24673,101 W 6TH ST,78701,1,0,0,0,0,1-star,,Office,,Yes,Commercial,Commercial Rating 2007,2018,,POINT (-97.742903963 30.26802388),1,,10/01/2017,09/30/2018,Austin,TX
,Penn Field Office,41785,3601 S CONGRESS AVE E,78704,1,0,0,0,0,1-star,,Office,,Yes,Commercial,COMMERCIAL RATING 2016,2021,,POINT (-97.761625413 30.227104667),2,0,10/01/2020,09/30/2021,Austin,TX
,College Houses - Nueces,65536,1905 NUECES ST,78705,1,0,0,0,0,1-star,,Residential,University Neighborhood Overlay (UNO),No,Commercial,Commercial Rating 2006,2009,,POINT (-97.74381902 30.283086989),8,178,10/01/2008,09/30/2009,Austin,TX
,Domain 2 Office Building,145790,11800 DOMAIN BLVD,78758,0,0,0,0,0,,Silver,Office/ Retail/ Restaurant,Domain (PDA),No,Commercial,LEED BD+C: Core and Shell v2 - LEED 2.0,2015,,POINT (-97.721588033 30.404683007),5,,10/01/2014,09/30/2015,Austin,TX
,Bowie High School - Athletics Building,75049,4103 W SLAUGHTER LN,78759,0,0,0,1,0,4-star,,School,,Yes,Commercial,COMMERCIAL RATING 2016,2023,,POINT (-97.859346037 30.186825986),2,,10/01/2022,09/30/2023,Austin,TX
,AISD Barbara Jordan Elementary School Addition,12206,6711 JOHNNY MORRIS RD,78724,0,1,0,0,0,2-star,,School,,Yes,Commercial,AISD Rating 2006,2009,,POINT (-97.64679497 30.300896019),1,,10/01/2008,09/30/2009,Austin,TX
,Wheatsville Addition,8865,3101 GUADALUPE ST,78705,1,0,0,0,0,1-star,,Grocery,,Yes,Commercial,Commercial Rating 2006,2018,,POINT (-97.741052992 30.297608008),1,,10/01/2017,09/30/2018,Austin,TX
,Domain 9,332597,2904 PALM WAY,78758,0,0,0,0,0,,Gold,Office,Domain (PDA),No,Commercial,LEED BD+C: Core and Shell v3 - LEED 2009,2023,,POINT (-97.718598963 30.403019996),18,,10/01/2022,09/30/2023,Austin,TX
,The Bowen,398875,3000 GRACIE KILTZ LN,78758,1,0,0,0,0,1-star,,Residential,North Burnet/Gateway,No,Commercial,COMMERCIAL RATING 2016,2022,,POINT (-97.722491506 30.394442699),3,3,10/01/2021,09/30/2022,Austin,TX
,Lakeline Montessori School,9480,10500 LAKELINE BLVD,78717,0,1,0,0,0,2-star,,School,Leander Rehabilitation (PUD),No,Commercial,COMMERCIAL RATING 2016,2020,,POINT (-97.790157617 30.48199852),1,0,10/01/2019,09/30/2020,Austin,TX
,Dell Children Medical Center 4th Bed Tower Expansion,120000,4900 MUELLER BLVD,78723,0,0,0,0,1,5-star,,Health Care,Mueller Development (PUD),No,Commercial,COMMERCIAL RATING 2016,2024,,POINT (-97.706609991 30.303677009),5,,10/01/2023,09/30/2024,Austin,TX
,BartonPlace,382844,1600 BARTON SPRINGS RD,78704,0,0,1,0,0,3-star,,Residential,,Yes,Commercial,Commercial Rating 2007,2011,,POINT (-97.760990019 30.263105999),6,270,10/01/2010,09/30/2011,Austin,TX
,AISD Perez Elementary School,171000,7500 S PLEASANT VALLEY RD,78744,0,1,0,0,0,2-star,,School,,Yes,Commercial,AISD Rating 2006,2007,,POINT (-97.755808997 30.170478006),1,,10/01/2006,09/30/2007,Austin,TX
,All Austin Cooperative Nursery School,4617,2301 HANCOCK DR,78756,1,0,0,0,0,1-star,,School,,Yes,Commercial,Pilot Commercial Rating,2003,,POINT (-97.743078981 30.324172983),1,,10/01/2002,09/30/2003,Austin,TX
,LifeWorks Sooch Foundation Youth and Family Resource Center,31116,835 N PLEASANT VALLEY RD,78702,0,0,0,0,1,5-star,,Office/ Other,,Yes,Commercial,Commercial Rating 2009,2013,,POINT (-97.707619005 30.264893985),3,,10/01/2012,09/30/2013,Austin,TX
,Mueller Market District,31130,1801 E 51ST ST A UNIT 200,78723,0,0,1,0,0,3-star,Silver,Retail/ Restaurant,Mueller Development (PUD),No,Commercial,Commercial Rating 2010,2015,,POINT (-97.69830604 30.302518001),1,,10/01/2014,09/30/2015,Austin,TX
,Lane Bryant at Mueller,5259,1201 BARBARA JORDAN BLVD 4 UNIT 400,78723,0,0,1,0,0,3-star,,Retail,Mueller Development (PUD),No,Commercial,Commercial Rating 2006,2008,,POINT (-97.70985999 30.30557002),1,,10/01/2007,09/30/2008,Austin,TX
,Which Wich at Mueller,1753,1201 BARBARA JORDAN BLVD 12 UNIT 1210,78723,0,0,1,0,0,3-star,,Retail,Mueller Development (PUD),No,Commercial,Commercial Rating 2006,2008,,POINT (-97.70985999 30.30557002),1,,10/01/2007,09/30/2008,Austin,TX
,Whole Foods Market at the Domain,67400,11920 DOMAIN DR,78758,0,0,0,1,0,4-star,,Grocery,Domain (PDA),No,Commercial,Commercial Rating 2009,2014,,POINT (-97.720096976 30.406333991),1,,10/01/2013,09/30/2014,Austin,TX
,Hyatt House,133070,901 NECHES ST,78701,1,0,0,0,0,1-star,,Hotel,Downtown (CBD-DMU),No,Commercial,COMMERCIAL RATING 2013,2018,,POINT (-97.736858017 30.269693001),10,,10/01/2017,09/30/2018,Austin,TX
,Villas on Rio,352279,2111 RIO GRANDE ST,78705,1,0,0,0,0,1-star,,Residential,"University Neighborhood Overlay (UNO), S.M.A.R.T. Housing",No,Commercial,COMMERCIAL RATING 2016,2021,,POINT (-97.744766007 30.284772003),19,283,10/01/2020,09/30/2021,Austin,TX
,AISD Graham Elementary School,12000,11211 TOM ADAMS DR,78753,0,0,1,0,0,3-star,,School,,Yes,Commercial,AISD Rating 2006,2009,,POINT (-97.669088988 30.372664011),1,,10/01/2008,09/30/2009,Austin,TX
,Crossings at Lakeline - 1,113715,11001 LAKELINE BLVD 1,78717,1,0,0,0,0,1-star,,Office,,Yes,Commercial,Commercial Rating 2006,2010,,POINT (-97.794551746 30.480061085),3,,10/01/2009,09/30/2010,Austin,TX
,Club Wyndham Austin,212250,516 W 8TH ST,78701,0,1,0,0,0,2-star,,Residential,"Downtown (CBD-DMU), Downtown Density Bonus Program (DDBP)",No,Commercial,COMMERCIAL RATING 2013,2017,,POINT (-97.747190975 30.271663),22,196,10/01/2016,09/30/2017,Austin,TX
,Rock Rose at The Domain NORTHSIDE,73905,11600 ROCK ROSE AVE,78758,0,0,1,0,0,3-star,,Retail/ Restaurant/ Other,Domain (PDA),No,Commercial,Commercial Rating 2010,2016,,POINT (-97.722702994 30.401909016),1,,10/01/2015,09/30/2016,Austin,TX
,Schwab - AUSA,81225,2309 GRACY FARMS LN,78758,1,0,0,0,0,1-star,,Other,North Burnet/Gateway,No,Commercial,COMMERCIAL RATING 2013,2020,,POINT (-97.711489013 30.400062986),2,,10/01/2019,09/30/2020,Austin,TX
,The Grove - 3A,138268,4301 BULL CREEK RD,78731,0,1,0,0,0,2-star,,Office,The Grove (PUD),No,Commercial,COMMERCIAL RATING 2016,2020,,POINT (-97.753847967 30.318010985),4,,10/01/2019,09/30/2020,Austin,TX
,Gables Park Plaza,307578,115 SANDRA MURAIDA WAY,78703,0,1,0,0,0,2-star,,Residential,Downtown (CBD-DMU),No,Commercial,Commercial Rating 2007,2010,,POINT (-97.754822028 30.268112007),8,294,10/01/2009,09/30/2010,Austin,TX
,SOUTH SHORE IV,385661,1115 TOWN CREEK DR,78741,0,1,0,0,0,2-star,,Residential,Lakeshore (PUD),No,Commercial,COMMERCIAL RATING 2016,2021,,POINT (-97.725156964 30.244052005),8,322,10/01/2020,09/30/2021,Austin,TX
,Four Points,200000,11305 FOUR POINTS DR,78730,1,0,0,0,0,1-star,,Office,,Yes,Commercial,Commercial Rating 2006,2009,,POINT (-97.849887981 30.404812005),3,,10/01/2008,09/30/2009,Austin,TX
,Villas on Rio,145056,2100 RIO GRANDE ST,78705,1,0,0,0,0,1-star,,Residential,University Neighborhood Overlay (UNO),No,Commercial,COMMERCIAL RATING 2016,2019,,POINT (-97.745335976 30.284288996),7,109,10/01/2018,09/30/2019,Austin,TX
,501 Congress & Parking Garage,123435,501 CONGRESS AVE,78701,1,0,0,0,0,1-star,,Office/ Retail/ Restaurant,Downtown (CBD-DMU),No,Commercial,Commercial Rating 2010,2016,,POINT (-97.742623006 30.267294981),5,,10/01/2015,09/30/2016,Austin,TX
,Research Park Plaza V and Garage,180375,12301 RESEARCH BLVD,78759,1,0,0,0,0,1-star,,Office,,Yes,Commercial,Commercial Rating 2013,2016,,POINT (-97.754653971 30.429288),4,,10/01/2015,09/30/2016,Austin,TX
,701 Rio,122859,701 RIO GRANDE,78701,1,0,0,0,0,1-star,,Office/ Retail,Downtown (CBD-DMU),No,Commercial,COMMERCIAL RATING 2016,2021,,POINT (-97.748726037 30.271061012),5,0,10/01/2020,09/30/2021,Austin,TX
,5th+Colorado,194539,201 W 5TH ST,78701,1,0,0,0,0,1-star,,Office/ Retail/ Restaurant,Downtown (CBD-DMU),No,Commercial,Commercial Rating 2013,2017,,POINT (-97.745003969 30.267339992),19,,10/01/2016,09/30/2017,Austin,TX
,Papa John's Pizza at Mueller,1355,1201 BARBARA JORDAN BLVD BLDG 11 UNIT 150,78723,0,0,1,0,0,3-star,,Retail,Mueller Development (PUD),No,Commercial,Commercial Rating 2006,2009,,POINT (-97.709006964 30.306354021),1,,10/01/2008,09/30/2009,Austin,TX
