Organization,Project Name,Project (sq.ft.),Project Address,Zip Code,1 Star,2 Star,3 Star,4 Star,5 Star,AEGB Rating,LEED Certification,Building Use,Agreements,Voluntary Participation,Program,Rating Version,Fiscal Year Reported,PropertyID,New Georeferenced Column,Stories Above Grade,Number of Residential Units,Fiscal Year Date,Fiscal Year End Date,City,State,Boundaries: Austin MSA Census Tracts 2010,"Boundaries: Zip Code Tabulation Areas, 2017",Boundaries: City of Austin Council Districts,Cartographic Boundary File - Census Tracts,Cartographic Boundary File - County,"Boundaries: Zip Code Tabulation Areas, 2017 2",BOUNDARIES_single_member_districts,Neighborhood Planning Areas,Community Registry,Zipcodes
,The Rail,157377,2921 E 17TH ST,78702,0,0,1,0,0,3-star,,Residential/ Retail,S.M.A.R.T. Housing,No,Multifamily,MF-Rating 2016,2022,,POINT (-97.710082027 30.277994983),5,235,10/01/2021,09/30/2022,Austin,TX,21,26,9,332,6,7,8,23,309,1
,Trinsic Aura University Park,566307,3233 HARMON AVE,78705,0,1,0,0,0,2-star,,Residential,East Avenue (PUD),No,Multifamily,MF-Rating 2016,2021,,POINT (-97.723586027 30.290217013),5,380,10/01/2020,09/30/2021,Austin,TX,12,44,5,341,6,43,10,50,318,50
,Quarters at Cameron House,76615,2707 RIO GRANDE ST,78705,0,0,1,0,0,3-star,,Residential/ Office,"University Neighborhood Overlay (UNO), S.M.A.R.T. Housing",No,Multifamily,Pre 2007 Rating,2007,,POINT (-97.743841986 30.292380005),4,64,10/01/2006,09/30/2007,Austin,TX,16,44,5,189,6,43,10,44,217,50
,Waterloo Terrace,78800,12190 N MOPAC EXPY SVRD SB,78758,0,0,0,1,0,4-star,Gold,Residential/ Office/ Other,S.M.A.R.T. Housing,No,Multifamily,MF-Rating 2016,2021,,POINT (-97.708275323 30.413622411),3,132,10/01/2020,09/30/2021,Austin,TX,116,11,6,354,6,22,7,,540,18
,Promesa,392222,9415 MC NEIL DR,78750,1,0,0,0,0,1-star,,Residential,0,Yes,Multifamily,MF-Rating 2010,2013,,POINT (-97.827435042 30.394687001),3,289,10/01/2012,09/30/2013,Austin,TX,51,48,3,183,6,39,5,,540,28
,Rosemont at Hidden Creek,237600,9345 E US 290 HWY SVRD EB,78724,0,1,0,0,0,2-star,,Residential,S.M.A.R.T. Housing,No,Multifamily,Pre 2007 Rating,2006,,POINT (-97.642068544 30.329077955),3,250,10/01/2005,09/30/2006,Austin,TX,173,41,9,208,6,46,8,,309,8
,AMLI Covered Bridge,214823,8715 W SH 71,78735,0,1,0,0,0,2-star,Gold,Residential,Covered Bridge PUD,No,Multifamily,MF-Rating 2010,2016,,POINT (-97.898149974 30.248499988),3,230,10/01/2015,09/30/2016,Austin,TX,82,54,4,92,6,33,2,73,295,27
,Quarters at Nueces House,280575,2300 NUECES ST,78705,0,0,1,0,0,3-star,,Residential,"University Neighborhood Overlay (UNO), S.M.A.R.T. Housing",No,Multifamily,Pre 2007 Rating,2008,,POINT (-97.744010965 30.287247012),8,243,10/01/2007,09/30/2008,Austin,TX,17,44,5,48,6,43,10,44,217,50
,IMT at the Domain,247532,3210 ESPERANZA XING,78758,0,0,1,0,0,3-star,,Residential/ Office/ Retail,Domain (PDA),No,Multifamily,MF-Rating 2010,2013,,POINT (-97.723779985 30.400422989),4,223,10/01/2012,09/30/2013,Austin,TX,131,11,6,139,6,22,7,45,217,18
,Villas at San Gabriel,365158,2414 SAN GABRIEL ST,78705,1,0,0,0,0,1-star,,Residential,"University Neighborhood Overlay (UNO), S.M.A.R.T. Housing",No,Multifamily,MF-Rating 2013,2018,,POINT (-97.748367962 30.289110015),6,92,10/01/2017,09/30/2018,Austin,TX,16,44,5,189,6,43,10,44,217,50
,East 20th Apartments,3200,1803 E 20TH ST,78722,0,0,1,0,0,3-star,,Residential,0,Yes,Multifamily,Pre 2007 Rating,2003,,POINT (-97.721991035 30.280487007),1,8,10/01/2002,09/30/2003,Austin,TX,13,22,9,165,6,11,8,27,309,74
,Safe Place,12360,1515 GROVE BLVD,78741,1,0,0,0,0,1-star,,Residential/ Office/ Other,,Yes,Multifamily,MF-Rating 2017,2002,,POINT (-97.705552027 30.230883993),2,14,10/01/2001,09/30/2002,Austin,TX,190,25,2,78,6,8,3,46,365,55
,AMLI Mueller III South,322471,4524 MATTIE ST,78722,0,1,0,0,0,2-star,Platinum,Residential/ Retail,"S.M.A.R.T. Housing, Mueller LEED only",No,Multifamily,MF-Rating 2016,2023,,POINT (-97.703311042 30.298100989),5,169,10/01/2022,09/30/2023,Austin,TX,10,14,5,94,6,19,10,38,309,33
,Wildflower Terrace,236111,3801 BERKMAN DR,78723,0,0,1,0,0,3-star,Silver,Residential,"Mueller Development (PUD), S.M.A.R.T. Housing",No,Multifamily,MF-Rating 2009,2012,,POINT (-97.698162961 30.290668002),4,201,10/01/2011,09/30/2012,Austin,TX,10,14,5,94,6,19,10,38,309,33
,The Elizabeth,489044,13500 LYNDHURST ST,78717,0,1,0,0,0,2-star,,Residential,Leander Rehabilitation (PUD),No,Multifamily,MF-Rating 2016,2020,,POINT (-97.786559685 30.476450622),4,373,10/01/2019,09/30/2020,Austin,TX,261,38,10,303,2,49,6,,540,47
,The Nine at Austin,158751,2518 LEON ST,78705,1,0,0,0,0,1-star,,Residential,"University Neighborhood Overlay (UNO), S.M.A.R.T. Housing",No,Multifamily,MF-Rating 2016,2019,,POINT (-97.749450988 30.291076996),5,104,10/01/2018,09/30/2019,Austin,TX,16,44,5,189,6,43,10,44,217,50
,Springs at Tech Ridge,428870,1200 E PARMER LN,78753,0,1,0,0,0,2-star,,Residential,Oertli (PUD),No,Multifamily,MF-Rating 2010,2014,,POINT (-97.652635983 30.396170011),3,342,10/01/2013,09/30/2014,Austin,TX,121,40,6,235,6,47,7,,540,78
,Broadstone at the Arboretum,379005,10011 STONELAKE BLVD,78759,1,0,0,0,0,1-star,,Residential,North Burnet/Gateway,No,Multifamily,MF-Rating 2010,2015,,POINT (-97.738364999 30.392327998),4,330,10/01/2014,09/30/2015,Austin,TX,71,36,6,177,6,51,7,32,540,58
,Longhorn Village,645000,501 N QUINLAN PARK RD,78732,0,0,1,0,0,3-star,,Residential/ Office,0,Yes,Multifamily,Pre 2007 Rating,2010,,POINT (-97.910519986 30.350698983),4,269,10/01/2009,09/30/2010,Austin,TX,76,18,,175,6,15,,,540,21
,Sterling,111400,2704 RIO GRANDE ST,78705,0,1,0,0,0,2-star,,Residential,"University Neighborhood Overlay (UNO), S.M.A.R.T. Housing",No,Multifamily,Pre 2007 Rating,2007,,POINT (-97.744675985 30.292792982),4,76,10/01/2006,09/30/2007,Austin,TX,16,44,5,189,6,43,10,44,217,50
,Midtown Commons - Phase II,247583,7200 EASY WIND DR,78752,0,0,1,0,0,3-star,,Residential/ Office/ Other,0,Yes,Multifamily,MF-Rating 2010,2014,,POINT (-97.719832024 30.340278014),4,246,10/01/2013,09/30/2014,Austin,TX,38,47,6,45,6,40,7,89,217,16
,AMLI Covered Bridge Phase II,138004,6804 COVERED BRIDGE DR,78736,0,1,0,0,0,2-star,Gold,Residential,Covered Bridge PUD,No,Multifamily,MF-Rating 2013,2017,,POINT (-97.897874963 30.247498015),3,130,10/01/2016,09/30/2017,Austin,TX,82,54,4,92,6,33,2,73,295,27
,Walnut Creek Apartments,83300,6409 SPRINGDALE RD,78723,0,0,1,0,0,3-star,,Residential,S.M.A.R.T. Housing,No,Multifamily,Pre 2007 Rating,2001,,POINT (-97.668243003 30.307453014),2,98,10/01/2000,09/30/2001,Austin,TX,166,14,9,137,6,19,8,48,309,33
,Bridge at Turtle Creek,281700,6020 S 1ST ST,78745,1,0,0,0,0,1-star,,Residential,S.M.A.R.T. Housing,No,Multifamily,MF-Rating 2016,2023,,POINT (-97.784704015 30.203228993),5,307,10/01/2022,09/30/2023,Austin,TX,196,28,8,22,6,5,4,65,373,23
,Phi Kappa Psi Fraternity House,21000,2501 NUECES ST,78705,1,0,0,0,0,1-star,,Residential,"University Neighborhood Overlay (UNO), S.M.A.R.T. Housing",No,Multifamily,MF-Rating 2013,2017,,POINT (-97.742716967 30.289302003),3,17,10/01/2016,09/30/2017,Austin,TX,16,44,5,189,6,43,10,44,217,50
,Franklin Gardens,15582,3522 E MARTIN LUTHER KING JR BLVD,78721,0,0,0,1,0,4-star,,Residential,S.M.A.R.T. Housing,No,Multifamily,MF-Rating 2009,2010,,POINT (-97.697127963 30.284018009),2,22,10/01/2009,09/30/2010,Austin,TX,167,14,9,210,6,19,8,67,309,33
,The Edge,253620,2818 KRAMER LN,78758,0,1,0,0,0,2-star,,Residential,Domain (PDA),No,Multifamily,MF-Rating 2013,2018,,POINT (-97.723031984 30.395804979),5,259,10/01/2017,09/30/2018,Austin,TX,131,11,6,139,6,22,7,45,217,18
,1600 S 1st,103130,1600 S 1ST ST,78704,1,0,0,0,0,1-star,,Residential/ Office/ Retail/ Restaurant,0,Yes,Multifamily,MF-Rating 2016,2021,,POINT (-97.755733979 30.248908019),4,59,10/01/2020,09/30/2021,Del Valle,TX,30,24,5,271,6,9,10,42,217,75
,Villas on 26th,97640,800 W 26TH ST,78705,1,0,0,0,0,1-star,,Residential/ Office,"University Neighborhood Overlay (UNO), S.M.A.R.T. Housing",No,Multifamily,MF-Rating 2010,2015,,POINT (-97.745671001 30.290958015),6,47,10/01/2014,09/30/2015,Austin,TX,16,44,5,189,6,43,10,44,217,50
,The Corners,2900,1339 LAMAR SQUARE DR,78704,0,0,1,0,0,3-star,,Residential,S.M.A.R.T. Housing,No,Multifamily,Pre 2007 Rating,2005,,POINT (-97.764273965 30.25466098),2,8,10/01/2004,09/30/2005,Austin,TX,28,24,7,288,6,9,1,2,217,75
,The Villages of Ben White,215526,7000 E BEN WHITE BLVD,78741,1,0,0,0,0,1-star,,Residential/ Office,S.M.A.R.T. Housing,No,Multifamily,MF-Rating 2010,2016,,POINT (-97.702269004 30.217829011),4,184,10/01/2015,09/30/2016,Austin,TX,184,25,2,276,6,8,3,46,114,55
,Vi Collina,180147,2401 E OLTORF ST,78741,1,0,0,0,0,1-star,,Residential/ Office,S.M.A.R.T. Housing,No,Multifamily,MF-Rating 2016,2022,,POINT (-97.731804986 30.229399013),5,170,10/01/2021,09/30/2022,Austin,TX,185,25,2,206,6,8,3,76,309,55
,Terrace at Oak Springs,53185,3000 OAK SPRINGS DR,78702,0,0,1,0,0,3-star,,Residential/ Retail/ Other,S.M.A.R.T. Housing,No,Multifamily,MF-Rating 2013,2020,,POINT (-97.700626989 30.273608021),4,50,10/01/2019,09/30/2020,Austin,TX,20,26,9,292,6,7,8,69,309,1
,Circle S Apartments,204505,7201 S CONGRESS AVE,78745,0,1,0,0,0,2-star,,Residential,S.M.A.R.T. Housing,No,Multifamily,Pre 2007 Rating,2003,,POINT (-97.780422958 30.187077988),3,200,10/01/2002,09/30/2003,Austin,TX,202,28,8,260,6,5,4,,372,23
,Harris Branch Apartments,294107,12435 DESSAU RD,78754,1,0,0,0,0,1-star,,Residential,S.M.A.R.T. Housing,No,Multifamily,Pre 2007 Rating,2007,,POINT (-97.64482296 30.38893098),3,248,10/01/2006,09/30/2007,Austin,TX,124,37,9,226,6,50,8,,540,77
,Terraces at Southpark Meadows,225888,10101 S 1ST ST,78748,0,0,1,0,0,3-star,,Residential,0,Yes,Multifamily,Pre 2007 Rating,2009,,POINT (-97.799704018 30.157370009),3,244,10/01/2008,09/30/2009,Austin,TX,201,50,7,228,6,37,1,,329,22
,Garden Terrace Phase 3,10540,1015 W WILLIAM CANNON DR,78745,0,0,1,0,0,3-star,,Residential,S.M.A.R.T. Housing,No,Multifamily,MF-Rating 2013,2019,,POINT (-97.793289012 30.198542001),2,20,10/01/2018,09/30/2019,Austin,TX,204,28,8,11,6,5,4,,329,23
,Plaza Lofts,103000,309 W 5TH ST,78701,0,0,0,1,0,4-star,,Residential/ Office,0,Yes,Multifamily,Pre 2007 Rating,2002,,POINT (-97.746479017 30.267761015),11,52,10/01/2001,09/30/2002,Austin,TX,26,35,5,93,6,52,10,60,217,24
,Clawson Ridge,62015,3700 CLAWSON RD,78704,0,0,1,0,0,3-star,,Residential,S.M.A.R.T. Housing,No,Multifamily,MF-Rating 2009,2021,,POINT (-97.78086502 30.234328997),3,39,10/01/2020,09/30/2021,Austin,TX,161,24,7,333,6,9,1,22,441,75
,Roosevelt Gardens,29721,5606 ROOSEVELT AVE,78756,0,0,0,0,1,5-star,,Residential,S.M.A.R.T. Housing,No,Multifamily,MF-Rating 2016,2022,,POINT (-97.732433964 30.32800301),3,40,10/01/2021,09/30/2022,Austin,TX,5,21,6,104,6,12,7,25,217,7
,3500 Westlake Apartments,198243,3500 N CAPITAL OF TEXAS HWY SB,78746,0,1,0,0,0,2-star,,Residential,Dev Agreement,No,Multifamily,Pre 2007 Rating,2008,,POINT (-97.803941194 30.247101067),3,175,10/01/2007,09/30/2008,Austin,TX,155,23,4,214,6,10,2,,126,29
,Sweeney Circle,10512,5800 SWEENEY CIR,78723,0,0,0,1,0,4-star,,Residential,S.M.A.R.T. Housing,No,Multifamily,MF-Rating 2009,2012,,POINT (-97.679998035 30.304877004),2,22,10/01/2011,09/30/2012,Austin,TX,165,14,9,211,6,19,8,26,309,33
,Jeremiah Program Moody Campus,36573,1200 PAUL TERESA SALDANA ST,78702,0,1,0,0,0,2-star,,Residential/ Office/ Other,S.M.A.R.T. Housing,No,Multifamily,MF-Rating 2013,2017,,POINT (-97.703426042 30.269310996),4,35,10/01/2016,09/30/2017,Austin,TX,19,26,2,293,6,7,3,29,309,1
,Quarters at Sterling House,208765,709 W 22ND ST,78705,0,0,1,0,0,3-star,,Residential,"University Neighborhood Overlay (UNO), S.M.A.R.T. Housing",No,Multifamily,Pre 2007 Rating,2007,,POINT (-97.745926984 30.284874011),6,100,10/01/2006,09/30/2007,Austin,TX,17,44,5,48,6,43,10,44,217,50
,The Copeland,354316,2511 W BRAKER LN,78758,1,0,0,0,0,1-star,,Residential,North Burnet/Gateway,No,Multifamily,MF-Rating 2013,2020,,POINT (-97.719186031 30.389397014),4,328,10/01/2019,09/30/2020,Austin,TX,131,11,6,139,6,22,7,45,217,18
,Modera Domain,387840,2618 KRAMER LN,78758,0,1,0,0,0,2-star,,Residential,North Burnet/Gateway,No,Multifamily,MF-Rating 2016,2022,,POINT (-97.719615017 30.395525987),4,354,10/01/2021,09/30/2022,Austin,TX,131,11,6,139,6,22,7,45,217,18
,Towne Vista,302476,2201 MONTOPOLIS DR,78741,0,1,0,0,0,2-star,,Residential,S.M.A.R.T. Housing,No,Multifamily,Pre 2007 Rating,2004,,POINT (-97.704547037 30.22264299),2,280,10/01/2003,09/30/2004,Austin,TX,184,25,2,276,6,8,3,46,114,55
,Alexan Braker Pointe,362271,10801 N MOPAC EXPWY,78759,0,1,0,0,0,2-star,,Residential,North Burnet/Gateway,No,Multifamily,MF-Rating 2016,2024,,POINT (-97.730208988 30.397183006),7,315,10/01/2023,09/30/2024,Austin,TX,72,36,6,42,6,51,7,45,217,18
,Retreat at North Bluff,272971,6212 CROW LN,78745,0,1,0,0,0,2-star,,Residential,S.M.A.R.T. Housing,No,Multifamily,MF-Rating Mixed Use 2008,2011,,POINT (-97.771983975 30.197450006),3,240,10/01/2010,09/30/2011,Austin,TX,192,28,8,134,6,5,4,28,373,23
,Anderson Village,12000,3101 E 12TH ST,78702,0,0,0,1,0,4-star,,Residential,S.M.A.R.T. Housing,No,Multifamily,MF-Rating 2010,2014,,POINT (-97.702231034 30.276399991),2,24,10/01/2013,09/30/2014,Austin,TX,20,26,9,292,6,7,8,69,309,1
,Rosemont at Oak Valley,308112,2800 COLLINS CREEK DR,78741,0,1,0,0,0,2-star,,Residential,0,Yes,Multifamily,Pre 2007 Rating,2004,,POINT (-97.730022994 30.224963981),3,120,10/01/2003,09/30/2004,Austin,TX,185,25,2,206,6,8,3,76,309,55
,Arbor Terrace,57800,2501 S IH 35 SVRD NB,78741,0,0,0,1,0,4-star,,Residential/ Office/ Other,S.M.A.R.T. Housing,No,Multifamily,MF-Rating 2010,2012,,POINT (-97.741337976 30.231428985),3,123,10/01/2011,09/30/2012,Austin,TX,181,25,2,33,6,8,3,76,309,55
,Spring Valley Apartments,311435,2302 E WILLIAM CANNON DR,78744,0,1,0,0,0,2-star,,Residential,S.M.A.R.T. Housing,No,Multifamily,Pre 2007 Rating,2002,,POINT (-97.75822902 30.186616019),2,230,10/01/2001,09/30/2002,Austin,TX,200,8,8,77,6,25,4,,484,20
,Works at Pleasant Valley,39570,2800 LYONS RD,78702,0,0,1,0,0,3-star,,Residential,S.M.A.R.T. Housing,No,Multifamily,MF-Rating 2010,2014,,POINT (-97.70752496 30.264237011),3,45,10/01/2013,09/30/2014,Austin,TX,19,26,2,293,6,7,3,29,309,1
,Broadstone East End,280216,5400 JAIN LN,78721,0,1,0,0,0,2-star,,Residential,thinkEAST PUD,No,Multifamily,MF-Rating 2016,2024,,POINT (-97.687010079 30.26258542),4,305,10/01/2023,09/30/2024,Austin,TX,169,29,2,286,6,4,3,31,309,62
,Pointe on Rio,177032,1901 RIO GRANDE ST,78705,1,0,0,0,0,1-star,,Residential,"University Neighborhood Overlay (UNO), S.M.A.R.T. Housing",No,Multifamily,MF-Rating 2010,2015,,POINT (-97.744825016 30.282943994),6,122,10/01/2014,09/30/2015,Austin,TX,17,44,5,48,6,43,10,44,217,50
,Waller Creekside on 51st,151947,105 W 51ST ST,78751,1,0,0,0,0,1-star,,Residential/ Office,S.M.A.R.T. Housing,No,Multifamily,MF-Rating 2010,2014,,POINT (-97.72401099 30.315840994),4,139,10/01/2013,09/30/2014,Austin,TX,9,27,5,62,6,6,10,24,217,65
,Thornton,81000,2501 THORNTON RD,78704,1,0,0,0,0,1-star,,Residential,S.M.A.R.T. Housing,No,Multifamily,MF-Rating 2010,2019,,POINT (-97.772625022 30.243234015),3,104,10/01/2018,09/30/2019,Austin,TX,29,24,7,88,6,9,1,22,441,75
,Standard at Domain Northside,265545,11711 DOMAIN DR,78758,0,1,0,0,0,2-star,,Residential/ Office,Domain (PDA),No,Multifamily,MF-Rating 2013,2016,,POINT (-97.722624958 30.403449987),5,251,10/01/2015,09/30/2016,Austin,TX,131,11,6,139,6,22,7,45,217,18
,Travis Flats,250800,5310 HELEN ST,78751,0,0,1,0,0,3-star,,Residential/ Office/ Retail,S.M.A.R.T. Housing,No,Multifamily,MF-Rating 2016,2022,,POINT (-97.713145026 30.315147014),4,146,10/01/2021,09/30/2022,Austin,TX,163,27,1,212,6,6,9,68,217,65
,Texan West Campus,121067,2616 SALADO ST,78705,0,1,0,0,0,2-star,,Residential,"University Neighborhood Overlay (UNO), S.M.A.R.T. Housing",No,Multifamily,Pre 2007 Rating,2005,,POINT (-97.745548039 30.292282021),4,62,10/01/2004,09/30/2005,Austin,TX,16,44,5,189,6,43,10,44,217,50
,The Standard at the Domain,214222,11721 DOMAIN BLVD,78758,0,1,0,0,0,2-star,,Residential/ Retail,Domain (PDA),No,Multifamily,MF-Rating 2013,2017,,POINT (-97.720511964 30.403707982),5,218,10/01/2016,09/30/2017,Austin,TX,131,11,6,139,6,22,7,45,217,18
,CityView at the Park,98000,2000 WOODWARD ST,78741,0,0,0,1,0,4-star,,Residential,S.M.A.R.T. Housing,No,Multifamily,Pre 2007 Rating,2008,,POINT (-97.742907991 30.218796996),5,72,10/01/2007,09/30/2008,Austin,TX,181,25,2,33,6,8,3,76,309,55
,Elysium Grand,101654,3300 OAK CREEK DR,78727,1,0,0,0,0,1-star,,Residential,S.M.A.R.T. Housing,No,Multifamily,MF-Rating 2016,2021,,POINT (-97.704878039 30.427863999),5,90,10/01/2020,09/30/2021,Austin,TX,128,9,6,38,6,24,7,,540,36
,Heights on Congress,150000,2703 S CONGRESS AVE,78704,0,0,1,0,0,3-star,,Residential,0,Yes,Multifamily,Pre 2007 Rating,2001,,POINT (-97.756177968 30.23515298),2,172,10/01/2000,09/30/2001,Austin,TX,182,24,2,111,6,9,3,37,217,75
,Estancia Villas,352079,1200 ESTANCIA PKWY,78652,0,1,0,0,0,2-star,,Residential/ Other,Estancia Hill Country PUD,No,Multifamily,MF-Rating 2013,2018,,POINT (-97.805949961 30.121622994),3,312,10/01/2017,09/30/2018,Austin,TX,194,46,7,274,6,41,1,,484,14
,San Pedro Flats,25838,2708 SAN PEDRO ST,78705,1,0,0,0,0,1-star,,Residential,"University Neighborhood Overlay (UNO), S.M.A.R.T. Housing",No,Multifamily,MF Rating - 2007,2013,,POINT (-97.746064029 30.293074991),3,10,10/01/2012,09/30/2013,Austin,TX,16,44,5,189,6,43,10,57,217,50
,Lyons Gardens,35340,2720 LYONS RD,78702,0,0,1,0,0,3-star,,Residential,S.M.A.R.T. Housing,No,Multifamily,Pre 2007 Rating,2005,,POINT (-97.708580996 30.264668008),3,54,10/01/2004,09/30/2005,Austin,TX,19,26,2,293,6,7,3,29,309,1
,Estates at Southpark Meadows,374480,10001 S 1ST ST,78748,0,1,0,0,0,2-star,,Residential,Endeavor Agreement,No,Multifamily,Pre 2007 Rating,2009,,POINT (-97.796331978 30.158134983),3,426,10/01/2008,09/30/2009,Austin,TX,201,50,7,228,6,37,1,,329,22
,AMLI Mueller,325134,1900 SIMOND AVE,78723,1,0,0,0,0,1-star,Platinum,Residential/ Retail,"S.M.A.R.T. Housing, Mueller LEED only",No,Multifamily,MF-Rating 2010,2015,,POINT (-97.703698034 30.297186985),4,279,10/01/2014,09/30/2015,Austin,TX,10,14,5,94,6,19,10,38,309,33
,Austin Resource Center for the Homeless,26820,500 E 7TH ST,78701,0,0,0,0,1,5-star,,Residential/ Office,S.M.A.R.T. Housing,No,Multifamily,Pre 2007 Rating,2004,,POINT (-97.737622027 30.267948015),3,100,10/01/2003,09/30/2004,Austin,TX,26,35,5,93,6,52,10,60,217,24
,GrandMarc,140000,510 W 26TH ST,78705,1,0,0,0,0,1-star,,Residential/ Retail/ Restaurant,"University Neighborhood Overlay (UNO), S.M.A.R.T. Housing",No,Multifamily,MF-Rating 2010,2013,,POINT (-97.742404993 30.290951016),5,134,10/01/2012,09/30/2013,Austin,TX,16,44,5,189,6,43,10,44,217,50
,Overture at Mueller,209230,4818 BERKMAN DR,78723,0,0,1,0,0,3-star,,Residential/ Retail,"Mueller Development (PUD), S.M.A.R.T. Housing",No,Multifamily,MF-Rating 2013,2018,,POINT (-97.700775013 30.301919994),4,201,10/01/2017,09/30/2018,Austin,TX,10,14,5,94,6,19,10,38,309,33
,Moonlight Gardens,142759,5204 CHARLES MERLE DR,78747,1,0,0,0,0,1-star,,Residential,S.M.A.R.T. Housing,No,Multifamily,MF-Rating 2016,2023,,POINT (-97.761656826 30.156407024),3,264,10/01/2022,09/30/2023,Austin,TX,206,51,8,227,6,36,4,,484,4
,Pathways at Goodrich Place,141708,2126 GOODRICH AVE,78704,1,0,0,0,0,1-star,,Residential/ Office,S.M.A.R.T. Housing,No,Multifamily,MF-Rating 2016,2020,,POINT (-97.773883984 30.248330003),3,120,10/01/2019,09/30/2020,Austin,TX,29,24,7,88,6,9,1,2,217,75
,thinkEAST,188515,1143 SHADY LN,78721,0,1,0,0,0,2-star,,Residential,S.M.A.R.T. Housing,No,Multifamily,MF-Rating 2013,2019,,POINT (-97.68921201 30.262082988),3,182,10/01/2018,09/30/2019,Austin,TX,169,29,2,286,6,4,3,31,309,62
,Flatiron Domain,401179,10727 DOMAIN DR,78758,1,0,0,0,0,1-star,,Residential,North Burnet/Gateway,No,Multifamily,MF-Rating 2013,2020,,POINT (-97.725484026 30.394296991),6,364,10/01/2019,09/30/2020,Austin,TX,131,11,6,139,6,22,7,45,217,18
,Midtown Commons at Crestview Station,515978,810 W ST JOHNS AVE,78752,0,0,1,0,0,3-star,,Residential,0,Yes,Multifamily,Pre 2007 Rating,2010,,POINT (-97.718422021 30.340204002),3,335,10/01/2009,09/30/2010,Austin,TX,38,47,6,45,6,40,7,89,217,16
,Villas on Sixth Apartment Homes,159000,1900 E 6TH ST,78702,0,1,0,0,0,2-star,,Residential/ Office,S.M.A.R.T. Housing,No,Multifamily,Pre 2007 Rating,2006,,POINT (-97.722227991 30.261759991),3,160,10/01/2005,09/30/2006,Austin,TX,24,26,2,290,6,7,3,66,309,1
,Akoya,46492,2200 DICKSON DR,78704,0,0,0,1,0,4-star,,Residential,0,Yes,Multifamily,Pre 2007 Rating,2008,,POINT (-97.780405021 30.246425006),2,64,10/01/2007,09/30/2008,Austin,TX,146,24,7,281,6,9,1,2,217,75
,AZUL Lakeshore Apartments Phase 2,280959,1201 LADY BIRD LN,78741,0,0,1,0,0,3-star,,Residential/ Office/ Retail,Lakeshore (PUD),No,Multifamily,MF-Rating 2010,2016,,POINT (-97.722596041 30.242410996),5,278,10/01/2015,09/30/2016,Austin,TX,180,25,2,327,6,8,3,64,309,55
,12th Street Court,27641,2612 W 12TH ST,78703,0,0,1,0,0,3-star,,Residential,0,Yes,Multifamily,MF-Rating 2010,2014,,POINT (-97.773506966 30.287807007),4,20,10/01/2013,09/30/2014,Austin,TX,40,7,3,187,6,26,5,6,126,69
,Texan Tower,143628,2505 SAN GABRIEL ST,78705,0,1,0,0,0,2-star,,Residential,"University Neighborhood Overlay (UNO), S.M.A.R.T. Housing",No,Multifamily,Pre 2007 Rating,2007,,POINT (-97.747336988 30.290104989),5,74,10/01/2006,09/30/2007,Austin,TX,16,44,5,189,6,43,10,44,217,50
,Cascades at Onion Creek,323112,2333 CASCADES AVE,78747,1,0,0,0,0,1-star,,Residential,S.M.A.R.T. Housing,No,Multifamily,MF-Rating 2016,2022,,POINT (-97.793319587 30.131715511),3,264,10/01/2021,09/30/2022,Austin,TX,208,51,7,132,6,36,1,,484,4
,Lakeshore Apartments,212964,2223 WATERLOO CITY LN,78741,0,0,1,0,0,3-star,,Residential/ Office,Lakeshore (PUD),No,Multifamily,MF-Rating 2010,2014,,POINT (-97.72345703 30.241571004),3,239,10/01/2013,09/30/2014,Austin,TX,180,25,2,327,6,8,3,64,309,55
,Legacy Ranch at Dessau East,310070,13527 HARRISGLENN DR,78660,1,0,0,0,0,1-star,,Residential/ Office,S.M.A.R.T. Housing,No,Multifamily,MF-Rating 2016,2022,,POINT (-97.639740006 30.406864984),6,232,10/01/2021,09/30/2022,Austin,TX,122,45,6,232,6,42,7,,540,39
,Park Place at Loyola,250000,6200 LOYOLA LN,78724,0,1,0,0,0,2-star,,Residential,S.M.A.R.T. Housing,No,Multifamily,Pre 2007 Rating,2008,,POINT (-97.650846028 30.302478019),3,252,10/01/2007,09/30/2008,Austin,TX,173,41,9,208,6,46,8,,309,8
,B Austin - A SAMdorosa Communities Project,22000,6700 MENCHACA DR,78745,0,0,0,1,0,4-star,,Residential/ Office/ Other,S.M.A.R.T. Housing,No,Multifamily,MF-Rating 2013,2019,,POINT (-97.807133988 30.20629698),3,16,10/01/2018,09/30/2019,Austin,TX,49,28,7,87,6,5,1,83,373,23
,Capital Studios,91976,309 E 11TH ST,78701,0,0,0,1,0,4-star,Platinum,Residential/ Retail,"Downtown (CBD-DMU), S.M.A.R.T. Housing",No,Multifamily,MF-Rating 2010,2015,,POINT (-97.73814204 30.271608015),4,135,10/01/2014,09/30/2015,Austin,TX,26,35,9,93,6,52,8,60,217,24
,AHA! at Briarcliff,21944,1915 BRIARCLIFF BLVD 1,78723,0,0,0,1,0,4-star,,Residential,S.M.A.R.T. Housing,No,Multifamily,MF-Rating 2016,2021,,POINT (-97.689472017 30.313608013),3,27,10/01/2020,09/30/2021,Austin,TX,164,14,9,287,6,19,8,84,309,33
,La Cima Apartments,289756,3200 MONTOPOLIS DR,78744,1,0,0,0,0,1-star,,Residential,S.M.A.R.T. Housing,No,Multifamily,MF-Rating 2016,2023,,POINT (-97.71480699 30.211370001),4,260,10/01/2022,09/30/2023,Austin,TX,211,8,8,308,6,25,4,61,484,20
,2401 Longview,79266,2401 LONGVIEW ST,78705,1,0,0,0,0,1-star,,Residential/ Office/ Retail,"University Neighborhood Overlay (UNO), S.M.A.R.T. Housing",No,Multifamily,MF-Rating 2010,2013,,POINT (-97.750433012 30.288785007),5,70,10/01/2012,09/30/2013,Austin,TX,16,44,5,189,6,43,10,44,217,50
,The Shoal,82634,827 W 12TH ST,78701,0,1,0,0,0,2-star,,Residential,Downtown Density Bonus Program,No,Multifamily,MF-Rating 2016,2023,,POINT (-97.749636982 30.276110983),7,140,10/01/2022,09/30/2023,Austin,TX,26,35,5,93,6,52,10,60,217,24
,Park Terrace at Town Lake,45002,516 DAWSON RD,78704,1,0,0,0,0,1-star,,Residential,S.M.A.R.T. Housing,No,Multifamily,Pre 2007 Rating,2004,,POINT (-97.756703011 30.259508989),2,64,10/01/2003,09/30/2004,Austin,TX,30,24,5,271,6,9,10,42,217,75
,Bluebonnet Studios,55000,2301 S LAMAR BLVD,78704,0,0,0,0,1,5-star,Gold,Residential/ Office/ Other,S.M.A.R.T. Housing,No,Multifamily,MF-Rating 2013,2017,,POINT (-97.775568998 30.246909019),4,107,10/01/2016,09/30/2017,Austin,TX,29,24,7,88,6,9,1,22,441,75
,The South Fifth,35828,2301 S 5TH ST,78704,0,0,0,0,1,5-star,,Residential,0,Yes,Multifamily,Pre 2007 Rating,2010,,POINT (-97.764001972 30.244895015),3,18,10/01/2009,09/30/2010,Austin,TX,30,24,5,271,6,9,10,42,217,75
,The Works at Pleasant Valley Phase II,23920,2800 LYONS RD,78702,0,0,1,0,0,3-star,,Residential,S.M.A.R.T. Housing,No,Multifamily,MF-Rating 2013,2020,,POINT (-97.70752496 30.264237011),3,29,10/01/2019,09/30/2020,Austin,TX,19,26,2,293,6,7,3,29,309,1
,Legacy on Rio,203525,2614 RIO GRANDE ST,78705,1,0,0,0,0,1-star,,Residential/ Other,"University Neighborhood Overlay (UNO), S.M.A.R.T. Housing",No,Multifamily,MF-Rating 2016,2022,,POINT (-97.744758966 30.291745998),6,146,10/01/2021,09/30/2022,Austin,TX,16,44,5,189,6,43,10,44,217,50
,2608 Salado Apartments,22038,2608 SALADO ST,78705,1,0,0,0,0,1-star,,Residential,"University Neighborhood Overlay (UNO), S.M.A.R.T. Housing",No,Multifamily,MF-Rating 2009,2011,,POINT (-97.745503028 30.291610002),4,7,10/01/2010,09/30/2011,Austin,TX,16,44,5,189,6,43,10,44,217,50
,The Denizen Condominiums,185710,2800 S 5TH ST,78704,0,0,1,0,0,3-star,,Residential,0,Yes,Multifamily,MF-Rating 2010,2015,,POINT (-97.766995988 30.238646013),3,105,10/01/2014,09/30/2015,Austin,TX,31,24,2,83,6,9,3,85,64,75
,The Vaughan,384534,12601 INNOVAR CIR,78653,1,0,0,0,0,1-star,,Residential,Pioneer Crossing (PUD),No,Multifamily,MF-Rating 2016,2023,,POINT (-97.626032185 30.380026329),4,312,10/01/2022,09/30/2023,Manor,TX,124,37,9,226,6,50,8,,540,5
,William Cannon Apartments,312189,2112 E WILLIAM CANNON DR,78744,1,0,0,0,0,1-star,,Residential/ Other,S.M.A.R.T. Housing,No,Multifamily,MF-Rating 2010,2016,,POINT (-97.760985996 30.189378988),3,252,10/01/2015,09/30/2016,Austin,TX,200,8,8,77,6,25,4,,484,20
,Regents West at 26,167615,900 W 26TH ST,78705,1,0,0,0,0,1-star,,Residential/ Office/ Other,"University Neighborhood Overlay (UNO), S.M.A.R.T. Housing",No,Multifamily,MF-Rating 2010,2014,,POINT (-97.746434006 30.29111899),6,139,10/01/2013,09/30/2014,Austin,TX,16,44,5,189,6,43,10,44,217,50
,Chicon Corridor,32000,1301 CHICON ST,78702,1,0,0,0,0,1-star,,Residential/ Other,S.M.A.R.T. Housing,No,Multifamily,MF-Rating 2013,2018,,POINT (-97.719952975 30.275091995),3,28,10/01/2017,09/30/2018,Austin,TX,21,26,9,332,6,7,8,23,309,1
,Canopy at Westgate Grove,91520,8601 WEST GATE BLVD,78745,0,1,0,0,0,2-star,,Residential,S.M.A.R.T. Housing,No,Multifamily,MF-Rating 2016,2024,,POINT (-97.83098195 30.194337786),2,88,10/01/2023,09/30/2024,Austin,TX,55,28,7,264,6,5,1,,62,23
,Colorado Creek Apartments,278135,11700 Dionda Ln,78617,1,0,0,0,0,1-star,,Residential,S.M.A.R.T. Housing,No,Multifamily,MF-Rating 2013,2021,,POINT (-97.634286295 30.205101756),3,240,10/01/2020,09/30/2021,Del Valle,TX,213,42,8,130,6,45,4,,248,45
,District at SoCo,244844,501 E OLTORF ST,78704,1,0,0,0,0,1-star,,Residential,S.M.A.R.T. Housing,No,Multifamily,MF-Rating 2010,2012,,POINT (-97.751292995 30.236655017),4,215,10/01/2011,09/30/2012,Austin,TX,182,24,5,111,6,9,10,37,217,75
,Lakeline Station,135000,13635 RUTLEDGE SPUR,78717,0,0,0,0,1,5-star,,Residential/ Office/ Other,S.M.A.R.T. Housing,No,Multifamily,MF-Rating 2013,2017,,POINT (-97.780352634 30.476258341),4,128,10/01/2016,09/30/2017,Austin,TX,261,38,10,303,2,49,6,,540,47
,Blunn Creek Apartments,285139,701 WOODWARD ST,78704,0,1,0,0,0,2-star,,Residential,S.M.A.R.T. Housing,No,Multifamily,Pre 2007 Rating,2003,,POINT (-97.752081984 30.225415011),3,280,10/01/2002,09/30/2003,Austin,TX,182,24,2,111,6,9,3,37,217,75
,Pathways at Chalmers Court South,76048,1638 E 2ND ST,78702,0,1,0,0,0,2-star,,Residential,S.M.A.R.T. Housing,No,Multifamily,MF-Rating 2016,2020,,POINT (-97.726550036 30.259379991),4,86,10/01/2019,09/30/2020,Austin,TX,24,26,2,290,6,7,3,35,309,1
,FOURTH& Condos,135971,1800 E 4TH ST,78702,0,0,0,0,1,5-star,,Residential/ Retail,,Yes,Multifamily,MF-Rating 2013,2018,,POINT (-97.723734974 30.260478985),3,99,10/01/2017,09/30/2018,Manchaca,TX,24,26,2,290,6,7,3,35,309,1
,Homestead,149004,3226 W SLAUGHTER LN,78748,0,0,0,1,0,4-star,Gold,Residential/ Office/ Other,S.M.A.R.T. Housing,No,Multifamily,MF-Rating 2010,2016,,POINT (-97.844075969 30.183386011),4,140,10/01/2015,09/30/2016,Austin,TX,64,50,7,2,6,37,1,,62,22
,Aldrich 51,172000,2604 ALDRICH ST,78723,0,1,0,0,0,2-star,Silver,Residential/ Retail/ Other,"S.M.A.R.T. Housing, Mueller LEED only",No,Multifamily,MF-Rating 2013,2018,,POINT (-97.701806993 30.304208002),4,240,10/01/2017,09/30/2018,Austin,TX,10,14,5,94,6,19,10,38,309,33
,908 Nueces,35464,908 NUECES ST,78701,1,0,0,0,0,1-star,,Residential,Downtown (CBD-DMU),No,Multifamily,MF-Rating 2013,2018,,POINT (-97.747356015 30.273147016),4,32,10/01/2017,09/30/2018,Austin,TX,26,35,5,93,6,52,10,60,217,24
,The Kenzie,391773,3201 ESPERANZA XING,78758,0,1,0,0,0,2-star,,Residential,Domain (PDA),No,Multifamily,MF-Rating 2010,2015,,POINT (-97.723602037 30.399000999),6,279,10/01/2014,09/30/2015,Austin,TX,131,11,6,139,6,22,7,45,217,18
,Los Portales de Lena Guerrero Apartments,103872,5225 JAIN LN,78721,0,1,0,0,0,2-star,,Residential,"S.M.A.R.T. Housing, thinkEAST PUD",No,Multifamily,MF-Rating 2016,2022,,POINT (-97.688655033 30.262714019),4,98,10/01/2021,09/30/2022,Austin,TX,169,29,2,286,6,4,3,31,309,62
,Riverside Meadows,353686,1601 MONTOPOLIS DR,78741,1,0,0,0,0,1-star,,Residential,S.M.A.R.T. Housing,No,Multifamily,Pre 2007 Rating,2003,,POINT (-97.701411032 30.227501979),3,240,10/01/2002,09/30/2003,Austin,TX,184,25,2,276,6,8,3,46,114,55
,Harris Branch Senior Apartments,231535,12433 DESSAU RD,78754,1,0,0,0,0,1-star,,Residential,S.M.A.R.T. Housing,No,Multifamily,MF-Rating 2013,2017,,POINT (-97.646759012 30.389295006),4,216,10/01/2016,09/30/2017,Austin,TX,124,37,9,226,6,50,8,,540,77
,The Grand at the Domain,222897,11009 ALTERRA PWKY,78758,0,1,0,0,0,2-star,,Residential,Domain (PDA),No,Multifamily,MF-Rating 2016,2020,,POINT (-97.721833036 30.395416017),6,181,10/01/2019,09/30/2020,Austin,TX,131,11,6,139,6,22,7,45,217,18
,The Monarch,494931,801 W 5TH ST,78703,0,0,1,0,0,3-star,,Residential,Downtown (CBD-DMU),No,Multifamily,Pre 2007 Rating,2009,,POINT (-97.751541016 30.269051995),29,305,10/01/2008,09/30/2009,Austin,TX,26,7,5,93,6,26,10,60,217,69
,Heritage Pointe,203000,1950 WEBBERVILLE RD,78721,0,1,0,0,0,2-star,,Residential,S.M.A.R.T. Housing,No,Multifamily,Pre 2007 Rating,2005,,POINT (-97.672418029 30.28473001),3,240,10/01/2004,09/30/2005,Austin,TX,167,29,9,210,6,4,8,34,309,62
,The Paddock at Norwood,297755,1044 NORWOOD PARK BLVD,78753,1,0,0,0,0,1-star,,Residential/ Office,S.M.A.R.T. Housing,No,Multifamily,MF-Rating 2010,2015,,POINT (-97.691253004 30.336293006),3,228,10/01/2014,09/30/2015,Austin,TX,105,40,1,115,6,47,9,17,63,78
,Aria Grand Apartments,82546,1800 S IH 35 SVRD SB,78704,1,0,0,0,0,1-star,,Residential,S.M.A.R.T. Housing,No,Multifamily,MF-Rating 2016,2020,,POINT (-97.738105998 30.240541999),6,70,10/01/2019,09/30/2020,Austin,TX,34,24,5,269,6,9,10,49,217,75
,Villas on Guadalupe,148187,2810 HEMPHILL PARK,78705,0,1,0,0,0,2-star,,Residential,S.M.A.R.T. Housing,No,Multifamily,Pre 2007 Rating,2004,,POINT (-97.74130403 30.293801995),4,150,10/01/2003,09/30/2004,Austin,TX,15,44,5,5,6,43,10,19,217,50
,Broadstone at the Lake,360124,422 W RIVERSIDE DR,78704,0,1,0,0,0,2-star,,Residential/ Retail,Broadstone at the Lake PUD,No,Multifamily,MF-Rating 2010,2017,,POINT (-97.748687983 30.259874021),6,207,10/01/2016,09/30/2017,Austin,TX,30,24,5,271,6,9,10,42,217,75
,Texan North Campus,45390,5117 N LAMAR BLVD,78751,1,0,0,0,0,1-star,,Residential/ Retail/ Other,S.M.A.R.T. Housing,No,Multifamily,MF-Rating 2010,2011,,POINT (-97.730109998 30.319220997),4,23,10/01/2010,09/30/2011,Austin,TX,9,27,5,62,6,6,10,68,217,65
,Nexus Apartments at Goodnight Ranch,262842,2010 E SLAUGHTER LN,78747,1,0,0,0,0,1-star,,Residential,S.M.A.R.T. Housing,No,Multifamily,MF-Rating 2016,2023,,POINT (-97.764234989 30.15049601),3,294,10/01/2022,09/30/2023,Austin,TX,206,51,8,227,6,36,4,,484,4
,Quarry Oaks Garden Homes,20000,1205 NORWALK LN,78703,0,1,0,0,0,2-star,,Residential,S.M.A.R.T. Housing,No,Multifamily,Pre 2007 Rating,2001,,POINT (-97.772533995 30.28753602),2,8,10/01/2000,09/30/2001,Austin,TX,40,7,3,187,6,26,5,6,126,69
,Bridge at Cameron,356110,9201 CAMERON RD,78754,1,0,0,0,0,1-star,,Residential/ Office/ Other,S.M.A.R.T. Housing,No,Multifamily,MF-Rating 2013,2021,,POINT (-97.675414978 30.348056001),4,263,10/01/2020,09/30/2021,Austin,TX,119,37,9,145,6,50,8,,217,77
,Harris Ridge Apartments,330000,1501 E HOWARD LN,78753,1,0,0,0,0,1-star,,Residential,S.M.A.R.T. Housing,No,Multifamily,MF-Rating 2013,2019,,POINT (-97.642408972 30.404170999),3,324,10/01/2018,09/30/2019,Austin,TX,121,40,6,235,6,47,7,,540,77
,Kappa Alpha Order House,14545,2515 LEON ST,78705,0,0,1,0,0,3-star,,Residential,0,Yes,Multifamily,Pre 2007 Rating,2007,,POINT (-97.748772976 30.290443995),2,21,10/01/2006,09/30/2007,Austin,TX,16,44,5,189,6,43,10,44,217,50
,Camden Cedar Hills,179560,4100 W SLAUGHTER LN,78749,0,1,0,0,0,2-star,,Residential,Dev Agreement,No,Multifamily,Pre 2007 Rating,2009,,POINT (-97.855761013 30.190305021),3,208,10/01/2008,09/30/2009,Austin,TX,60,49,4,263,6,38,2,,62,53
,The Astor Series,91500,4501 JACKSON AVE,78731,0,1,0,0,0,2-star,,Residential,"S.M.A.R.T. Housing, The Grove (PUD)",No,Multifamily,MF-Rating 2016,2022,,POINT (-97.752264039 30.314743007),6,72,10/01/2021,09/30/2022,Austin,TX,1,16,3,124,6,17,5,74,217,66
,Cielo,345886,2717 S LAMAR BLVD,78704,0,1,0,0,0,2-star,,Residential/ Office/ Retail,Restrictive Covenant,No,Multifamily,MF-Rating 2010,2015,,POINT (-97.780548016 30.243390002),4,327,10/01/2014,09/30/2015,Austin,TX,161,24,7,333,6,9,1,22,441,75
,Texan at 26th,85943,1009 W 26TH ST,78705,1,0,0,0,0,1-star,,Residential,"University Neighborhood Overlay (UNO), S.M.A.R.T. Housing",No,Multifamily,MF-Rating 2010,2014,,POINT (-97.748262015 30.290562012),6,55,10/01/2013,09/30/2014,Austin,TX,16,44,5,189,6,43,10,44,217,50
,Goodnight Commons,403481,2022 E SLAUGHTER LN,78748,1,0,0,0,0,1-star,,Residential,S.M.A.R.T. Housing,No,Multifamily,MF-Rating 2016,2020,,POINT (-97.76283102 30.153779998),3,304,10/01/2019,09/30/2020,Austin,TX,206,51,8,227,6,36,4,,484,4
,The Heights on Parmer - Phase II,106911,1500 E PARMER LN,78753,1,0,0,0,0,1-star,,Residential,S.M.A.R.T. Housing,No,Multifamily,MF-Rating 2013,2019,,POINT (-97.650980976 30.391032994),3,80,10/01/2018,09/30/2019,Austin,TX,121,40,6,235,6,47,7,,540,78
,Creekview Apartment Homes,307613,5001 CRAINWAY DR,78724,1,0,0,0,0,1-star,,Residential,S.M.A.R.T. Housing,No,Multifamily,MF-Rating 2016,2021,,POINT (-97.658009034 30.318702995),3,264,10/01/2020,09/30/2021,Austin,TX,172,41,9,209,6,46,8,,309,8
,Villas of Cordoba,171198,5901 E STASSNEY LN,78744,0,1,0,0,0,2-star,,Residential,S.M.A.R.T. Housing,No,Multifamily,Pre 2007 Rating,2008,,POINT (-97.730247964 30.190728013),3,156,10/01/2007,09/30/2008,Austin,TX,211,8,8,308,6,25,4,61,484,20
,Circle West Campus,257735,2505 LONGVIEW ST,78705,1,0,0,0,0,1-star,,Residential/ Office/ Other,"University Neighborhood Overlay (UNO), S.M.A.R.T. Housing",No,Multifamily,MF-Rating 2010,2013,,POINT (-97.750293034 30.290182019),6,167,10/01/2012,09/30/2013,Austin,TX,16,44,5,189,6,43,10,44,217,50
,Bridge at Granada,222752,414 E WONSLEY DR,78753,0,1,0,0,0,2-star,,Residential,S.M.A.R.T. Housing,No,Multifamily,MF-Rating 2016,2021,,POINT (-97.699403985 30.344770001),3,258,10/01/2020,09/30/2021,Austin,TX,100,40,1,40,6,47,9,54,63,78
,Rosemont at Williamson Creek,167425,4509 E SAINT ELMO RD,78744,0,0,1,0,0,3-star,,Residential,S.M.A.R.T. Housing,No,Multifamily,Pre 2007 Rating,2005,,POINT (-97.74014498 30.203995979),3,163,10/01/2004,09/30/2005,Austin,TX,199,8,8,273,6,25,4,39,484,20
,5707 Manor,13452,5707 MANOR RD,78723,0,0,0,1,0,4-star,,Residential,S.M.A.R.T. Housing,No,Multifamily,MF-Rating 2009,2013,,POINT (-97.680416963 30.305035003),2,24,10/01/2012,09/30/2013,Austin,TX,165,14,9,211,6,19,8,26,309,33
,Talavera Lofts,84633,413 NAVASOTA ST,78702,0,1,0,0,0,2-star,,Residential,S.M.A.R.T. Housing,No,Multifamily,MF-Rating 2016,2022,,POINT (-97.728869979 30.262604007),4,92,10/01/2021,09/30/2022,Austin,TX,24,26,2,290,6,7,3,35,309,1
,Woodway Village,182474,4600 NUCKOLS CROSSING RD,78744,0,1,0,0,0,2-star,,Residential,S.M.A.R.T. Housing,No,Multifamily,Pre 2007 Rating,2004,,POINT (-97.735195969 30.199710019),3,160,10/01/2003,09/30/2004,Austin,TX,199,8,8,273,6,25,4,39,484,20
,Park at Estancia,373000,820 CAMINO VAQUERO PKWY,78748,0,1,0,0,0,2-star,,Residential,Estancia Hill Country PUD,No,Multifamily,MF-Rating 2016,2020,,POINT (-97.804112983 30.124988998),3,320,10/01/2019,09/30/2020,Austin,TX,194,46,7,274,6,41,1,,484,14
,University Park Apartments Phase 2,268565,3320 HARMON AVE,78705,0,1,0,0,0,2-star,,Residential/ Office,East Avenue (PUD),No,Multifamily,MF-Rating 2010,2016,,POINT (-97.723636989 30.29213802),5,274,10/01/2015,09/30/2016,Austin,TX,12,44,5,341,6,43,10,50,217,50
,Greenway Lofts,39986,1320 ROBERT BROWNING ST,78723,0,0,1,0,0,3-star,,Residential,Mueller Development (PUD),No,Multifamily,MF-Rating Mixed Use 2008,2011,,POINT (-97.708512013 30.301593016),4,36,10/01/2010,09/30/2011,Austin,TX,10,14,5,94,6,19,10,38,309,33
,Southwest Trails,180576,8405 OLD BEE CAVES RD,78735,0,0,1,0,0,3-star,,Residential,S.M.A.R.T. Housing,No,Multifamily,Pre 2007 Rating,2002,,POINT (-97.888920995 30.250135004),3,160,10/01/2001,09/30/2002,Austin,TX,147,1,4,218,6,32,2,73,295,49
,Gables Central Park,0,800 W 38th St,78705,0,0,0,0,0,pilot,,Residential,,Yes,Multifamily,Prior to Rating System,1997,,POINT (-97.739417012 30.305936015),3,273,10/01/1996,09/30/1997,Austin,TX,3,44,5,7,6,43,10,24,217,65
,Noble 2500,109742,2500 SAN GABRIEL ST,78705,1,0,0,0,0,1-star,,Residential,University Neighborhood Overlay (UNO),No,Multifamily,MF-Rating 2016,2023,,POINT (-97.747849961 30.289698006),7,118,10/01/2022,09/30/2023,Austin,TX,16,44,5,189,6,43,10,44,217,50
,Zilker Studios,58531,1508 S LAMAR BLVD,78704,0,0,0,1,0,4-star,,Residential/ Office,S.M.A.R.T. Housing,No,Multifamily,MF-Rating 2016,2023,,POINT (-97.765072006 30.252143014),7,110,10/01/2022,09/30/2023,Austin,TX,28,24,7,288,6,9,1,2,217,75
,Residences at Domain,411799,11400 DOMAIN DR,78758,0,0,1,0,0,3-star,,Residential,S.M.A.R.T. Housing,No,Multifamily,Pre 2007 Rating,2007,,POINT (-97.725291996 30.400632997),5,369,10/01/2006,09/30/2007,Austin,TX,131,11,6,139,6,22,7,45,217,18
,The Beverly Austin,147936,901 RED RIVER ST,78701,0,1,0,0,0,2-star,,Residential,Downtown (CBD-DMU),No,Multifamily,Pre 2007 Rating,2008,,POINT (-97.735750013 30.269625988),4,120,10/01/2007,09/30/2008,Austin,TX,26,35,5,93,6,52,10,60,217,24
,La Madrid Apartments,118132,11320 MENCHACA RD,78748,1,0,0,0,0,1-star,,Residential,S.M.A.R.T. Housing,No,Multifamily,MF-Rating 2013,2019,,POINT (-97.833919031 30.15570398),3,95,10/01/2018,09/30/2019,Austin,TX,87,50,7,168,6,37,1,,45,22
,Eleven,299082,811 E 11TH ST,78702,1,0,0,0,0,1-star,,Residential,0,Yes,Multifamily,MF-Rating 2010,2014,,POINT (-97.732107992 30.269497996),4,257,10/01/2013,09/30/2014,Austin,TX,23,26,9,291,6,7,8,56,309,1
,Crest at Pearl,292150,706 W MARTIN LUTHER KING JUNIOR BLVD,78701,1,0,0,0,0,1-star,,Residential/ Office,"University Neighborhood Overlay (UNO), S.M.A.R.T. Housing",No,Multifamily,MF-Rating 2010,2015,,POINT (-97.74620803 30.283323988),6,141,10/01/2014,09/30/2015,Austin,TX,17,44,5,48,6,43,10,44,217,50
,Bridge at Loyola,212448,6400 LOYOLA LN,78724,1,0,0,0,0,1-star,,Residential/ Retail,S.M.A.R.T. Housing,No,Multifamily,MF-Rating 2016,2023,,POINT (-97.648276974 30.302004987),4,204,10/01/2022,09/30/2023,Austin,TX,173,41,9,208,6,46,8,,309,8
,South Park Apartments,251647,9401 S 1ST ST,78748,1,0,0,0,0,1-star,,Residential,S.M.A.R.T. Housing,No,Multifamily,Pre 2007 Rating,2008,,POINT (-97.800617981 30.169155006),3,192,10/01/2007,09/30/2008,Austin,TX,201,50,7,228,6,37,1,,329,22
,Hatchery Building 5 - Micro Units/Hotel conversion,14670,49 Navasota St,78702,1,0,0,0,0,1-star,,Residential,0,Yes,Multifamily,MF-Rating 2016,2021,,POINT (-97.733151958 30.253407005),2,30,10/01/2020,09/30/2021,Austin,TX,25,26,2,47,6,7,3,35,309,1
,Elloras,14159,908 W 21ST ST,78705,1,0,0,0,0,1-star,,Residential,"University Neighborhood Overlay (UNO), S.M.A.R.T. Housing",No,Multifamily,MF-Rating Mixed Use 2008,2013,,POINT (-97.747478978 30.284973001),4,12,10/01/2012,09/30/2013,Austin,TX,17,44,5,48,6,43,10,44,217,50
,Gallery at Domain,307950,11119 ALTERRA PKWY,78758,0,1,0,0,0,2-star,,Residential/ Office,Domain (PDA),No,Multifamily,MF-Rating 2013,2016,,POINT (-97.720927036 30.396330985),4,316,10/01/2015,09/30/2016,Austin,TX,131,11,6,139,6,22,7,45,217,18
,Woodway Square,238338,1700 TERI RD,78744,0,1,0,0,0,2-star,,Residential,S.M.A.R.T. Housing,No,Multifamily,Pre 2007 Rating,2004,,POINT (-97.754925963 30.205278997),3,240,10/01/2003,09/30/2004,Austin,TX,197,8,8,66,6,25,4,39,484,20
,Griffis at the Domain,261416,3001 ESPERANZA XING,78758,0,0,0,1,0,4-star,,Residential,Domain (PDA),No,Multifamily,MF-Rating 2010,2013,,POINT (-97.722139981 30.398573019),4,315,10/01/2012,09/30/2013,Austin,TX,131,11,6,139,6,22,7,45,217,18
,Pointe at Ben White,335405,6934 E BEN WHITE BLVD,78741,1,0,0,0,0,1-star,,Residential/ Office,S.M.A.R.T. Housing,No,Multifamily,MF-Rating 2010,2016,,POINT (-97.703282962 30.216500019),3,252,10/01/2015,09/30/2016,Austin,TX,184,25,2,276,6,8,3,46,114,55
,Cardinal Point,164120,11015 FOUR POINTS DR,78726,0,0,0,1,0,4-star,Platinum,Residential/ Office/ Other,S.M.A.R.T. Housing,No,Multifamily,MF-Rating 2013,2018,,POINT (-97.847150032 30.399716017),3,120,10/01/2017,09/30/2018,Austin,TX,50,2,10,184,6,31,6,,540,60
,Laurel Creek,109731,11704 N LAMAR BLVD,78753,0,0,0,1,0,4-star,Gold,Residential/ Office/ School,S.M.A.R.T. Housing,No,Multifamily,MF-Rating 2016,2022,,POINT (-97.684431978 30.386576001),6,88,10/01/2021,09/30/2022,Austin,TX,127,11,6,82,6,22,7,,217,18
,Fort Branch Landing,268791,5800 TECHNI CENTER DR,78721,1,0,0,0,0,1-star,,Residential,S.M.A.R.T. Housing,No,Multifamily,Pre 2007 Rating,2002,,POINT (-97.671890975 30.278763981),2,250,10/01/2001,09/30/2002,Austin,TX,168,29,9,26,6,4,8,10,309,62
,Westgate Ridge,134375,8700 WEST GATE BLVD,78745,1,0,0,0,0,1-star,,Residential,S.M.A.R.T. Housing,No,Multifamily,MF-Rating 2013,2018,,POINT (-97.832377823 30.1921598),3,140,10/01/2017,09/30/2018,Austin,TX,56,28,7,3,6,5,1,,62,23
,Fox Hill Apartments,291050,8800 W US 290 HWY,78736,0,1,0,0,0,2-star,,Residential,Restrictive Covenanant,No,Multifamily,MF-Rating Mixed Use 2008,2010,,POINT (-97.917599759 30.233518425),3,288,10/01/2009,09/30/2010,Austin,TX,81,54,,170,6,33,,,295,27
,Grove Place Apartments,159078,1881 GROVE BLVD,78741,0,1,0,0,0,2-star,,Residential,S.M.A.R.T. Housing,No,Multifamily,Pre 2007 Rating,2005,,POINT (-97.705870959 30.228596991),3,184,10/01/2004,09/30/2005,Austin,TX,190,25,2,78,6,8,3,46,365,55
,Saltillo Lofts,40097,1601 E 5TH ST,78702,0,0,1,0,0,3-star,,Residential/ Office,S.M.A.R.T. Housing,No,Multifamily,Pre 2007 Rating,2006,,POINT (-97.72632297 30.261686985),3,29,10/01/2005,09/30/2006,Austin,TX,24,26,2,290,6,7,3,35,309,1
,The Reserve at Springdale,328550,5605 SPRINGDALE RD,78723,1,0,0,0,0,1-star,,Residential/ Office/ Retail,S.M.A.R.T. Housing,No,Multifamily,MF-Rating 2013,2018,,POINT (-97.671275995 30.29831301),4,292,10/01/2017,09/30/2018,Austin,TX,166,14,9,137,6,19,8,48,309,33
,Troubadour,306764,3403 HARMON AVE,78705,0,1,0,0,0,2-star,,Residential,East Avenue (PUD),No,Multifamily,MF-Rating 2016,2022,,POINT (-97.72183597 30.292532011),6,320,10/01/2021,09/30/2022,Austin,TX,12,44,5,341,6,43,10,50,318,50
,Regents West 24th,138873,2401 SAN GABRIEL ST,78705,1,0,0,0,0,1-star,,Residential/ Retail,"University Neighborhood Overlay (UNO), S.M.A.R.T. Housing",No,Multifamily,MF-Rating 2010,2015,,POINT (-97.747476966 30.288512008),6,93,10/01/2014,09/30/2015,Austin,TX,16,44,5,189,6,43,10,44,217,50
,Alexan Riverside,307671,1919 E RIVERSIDE DR,78741,1,0,0,0,0,1-star,,Residential,,Yes,Multifamily,MF-Rating 2016,2023,,POINT (-97.729256972 30.241658008),7,308,10/01/2022,09/30/2023,Austin,TX,188,25,2,205,6,8,3,64,309,55
,Plaza Saltillo,951534,901 E 5TH ST,78702,0,1,0,0,0,2-star,,Residential/ Office/ Retail,0,Yes,Multifamily,MF-Rating 2013,2020,,POINT (-97.732951966 30.263742982),8,702,10/01/2019,09/30/2020,Austin,TX,24,26,2,290,6,7,3,35,309,1
,AVON at 22nd,20000,911 W 22ND ST,78705,1,0,0,0,0,1-star,,Residential,"University Neighborhood Overlay (UNO), S.M.A.R.T. Housing",No,Multifamily,MF-Rating 2013,2019,,POINT (-97.747706965 30.285254005),4,20,10/01/2018,09/30/2019,Austin,TX,17,44,5,48,6,43,10,44,217,50
,Stonecreek Ranch,169110,333 E SLAUGHTER LN,78744,0,1,0,0,0,2-star,,Residential,S.M.A.R.T. Housing,No,Multifamily,Pre 2007 Rating,2003,,POINT (-97.780589004 30.165404021),3,198,10/01/2002,09/30/2003,Austin,TX,205,8,7,133,6,25,1,,484,20
,Heights on Parmer Apartment Homes,293991,1500 E PARMER LN,78753,1,0,0,0,0,1-star,,Residential/ Other,S.M.A.R.T. Housing,No,Multifamily,MF-Rating 2010,2017,,POINT (-97.650980976 30.391032994),3,252,10/01/2016,09/30/2017,Austin,TX,121,40,6,235,6,47,7,,540,78
,Broadstone Burnet,385922,10301 BURNET RD,78758,1,0,0,0,0,1-star,,Residential,North Burnet/Gateway,No,Multifamily,MF-Rating 2013,2019,,POINT (-97.722379033 30.386594986),4,352,10/01/2018,09/30/2019,Austin,TX,131,11,6,139,6,22,7,45,217,18
,The Jordan at Mueller,147795,2724 PHILOMENA ST,78723,0,0,0,0,1,5-star,Gold,Residential/ Office/ Other,"Mueller Development (PUD), S.M.A.R.T. Housing, Mueller LEED only",No,Multifamily,MF-Rating 2016,2020,,POINT (-97.694802991 30.299243988),4,132,10/01/2019,09/30/2020,Austin,TX,10,14,5,94,6,19,10,38,309,33
,Ashton,410900,101 COLORADO ST,78701,0,0,1,0,0,3-star,,Residential/ Office,Downtown (CBD-DMU),No,Multifamily,Pre 2007 Rating,2009,,POINT (-97.74536196 30.264166016),30,258,10/01/2008,09/30/2009,Austin,TX,26,35,5,93,6,52,10,60,217,24
,Park at Summers Grove,267235,2900 CENTURY PARK BLVD,78727,0,1,0,0,0,2-star,,Residential,S.M.A.R.T. Housing,No,Multifamily,Pre 2007 Rating,2005,,POINT (-97.694834004 30.435179011),2,240,10/01/2004,09/30/2005,Austin,TX,129,9,6,225,6,24,7,,540,36
,The Abali,53097,4611 N IH 35 SVRD NB,78722,1,0,0,0,0,1-star,,Residential,S.M.A.R.T. Housing,No,Multifamily,MF-Rating 2016,2021,,POINT (-97.713008988 30.304313991),4,56,10/01/2020,09/30/2021,Austin,TX,11,22,5,331,6,11,10,36,309,74
,King Fisher Creek Apartments,43750,4601 E SAINT ELMO RD,78744,1,0,0,0,0,1-star,,Residential,S.M.A.R.T. Housing,No,Multifamily,Pre 2007 Rating,2004,,POINT (-97.73731701 30.204440011),3,35,10/01/2003,09/30/2004,Austin,TX,199,8,8,273,6,25,4,39,484,20
,Addison at Kramer Station,467063,2601 ESPERANZA XING,78759,1,0,0,0,0,1-star,,Residential,North Burnet Gateway (NBG),No,Multifamily,MF-Rating 2010,2016,,POINT (-97.717624985 30.396653018),3,388,10/01/2015,09/30/2016,Austin,TX,131,11,6,139,6,22,7,45,217,18
,IMT at the Domain III,234968,3100 ESPERANZA XING,78758,0,1,0,0,0,2-star,,Residential/ Other,Domain (PDA),No,Multifamily,MF-Rating 2010,2015,,POINT (-97.722331005 30.39991098),4,212,10/01/2014,09/30/2015,Austin,TX,131,11,6,139,6,22,7,45,217,18
,Quarters at Grayson House,116240,714 W 22ND ST,78705,0,0,1,0,0,3-star,,Residential,"University Neighborhood Overlay (UNO), S.M.A.R.T. Housing",No,Multifamily,Pre 2007 Rating,2008,,POINT (-97.746163019 30.285575995),8,102,10/01/2007,09/30/2008,Austin,TX,17,44,5,48,6,43,10,44,217,50
,The Legacy Apartments,22847,1342 LAMAR SQUARE DR,78704,0,0,0,1,0,4-star,,Residential,S.M.A.R.T. Housing,No,Multifamily,MF-Rating 2010,2013,,POINT (-97.764018987 30.253586001),3,41,10/01/2012,09/30/2013,Austin,TX,28,24,7,288,6,9,1,2,217,75
,AMLI on Aldrich,403622,2401 ALDRICH ST,78723,0,1,0,0,0,2-star,Platinum,Residential/ Office,"S.M.A.R.T. Housing, Mueller LEED only",No,Multifamily,MF-Rating 2013,2018,,POINT (-97.702000028 30.301792002),4,322,10/01/2017,09/30/2018,Austin,TX,10,14,5,94,6,19,10,38,309,33
,Villages at the Domain,36550,3409 ESPERANZA XING P,78758,0,0,1,0,0,3-star,,Residential,S.M.A.R.T. Housing,No,Multifamily,Pre 2007 Rating,2009,,POINT (-97.727660973 30.400958006),3,26,10/01/2008,09/30/2009,Austin,TX,131,11,6,139,6,22,7,45,217,18
,Gallery at Parkside,328445,3000 KRAMER LN,78758,0,1,0,0,0,2-star,,Residential/ Office,Domain (PDA),No,Multifamily,MF-Rating 2013,2018,,POINT (-97.72313198 30.396636003),5,327,10/01/2017,09/30/2018,Austin,TX,131,11,6,139,6,22,7,45,217,18
,Sierra Vista,172060,4320 S CONGRESS AVE,78745,1,0,0,0,0,1-star,,Residential/ Office,S.M.A.R.T. Housing,No,Multifamily,MF-Rating 2010,2013,,POINT (-97.767227999 30.21901899),2,238,10/01/2012,09/30/2013,Austin,TX,159,28,2,34,6,5,3,18,373,23
,Ariza Easton Park,348314,8001 E WILLIAM CANNON DR,78744,0,1,0,0,0,2-star,,Residential,Pilot Knob,No,Multifamily,MF-Rating 2016,2023,,POINT (-97.711072622 30.156732294),3,316,10/01/2022,09/30/2023,Austin,TX,212,8,,352,6,25,,,484,20
,Avia,30911,1010 W 26TH ST,78705,1,0,0,0,0,1-star,,Residential,"University Neighborhood Overlay (UNO), S.M.A.R.T. Housing",No,Multifamily,MF-Rating 2016,2022,,POINT (-97.748891999 30.291252011),7,50,10/01/2021,09/30/2022,Austin,TX,16,44,5,189,6,43,10,44,217,50
,Live Oak Trails Apartments,60000,8500 W SH 71,78735,0,0,0,1,0,4-star,,Residential/ Other,S.M.A.R.T. Housing,No,Multifamily,MF-Rating 2013,2017,,POINT (-97.890177024 30.248663016),3,58,10/01/2016,09/30/2017,Austin,TX,147,1,4,218,6,32,2,73,295,49
,Mountain Ranch Apartments,180777,2425 East Riverside Drive,78741,1,0,0,0,0,1-star,,Residential,S.M.A.R.T. Housing,No,Multifamily,Pre 2007 Rating,2000,,POINT (-97.725970008 30.234950013),4,196,10/01/1999,09/30/2000,Austin,TX,188,25,2,205,6,8,3,64,309,55
,M Station,172134,2906 E MARTIN LUTHER KING JR BLVD,78702,0,0,0,0,1,5-star,Platinum,Residential/ Other,"S.M.A.R.T. Housing,Â MLK TOD",No,Multifamily,MF-Rating 2009,2012,,POINT (-97.708061988 30.283659012),4,150,10/01/2011,09/30/2012,Austin,TX,13,22,9,165,6,11,8,69,309,74
,Quarters at Montgomery House,107083,2700 NUECES ST,78705,0,0,1,0,0,3-star,,Residential/ Office,"University Neighborhood Overlay (UNO), S.M.A.R.T. Housing",No,Multifamily,Pre 2007 Rating,2007,,POINT (-97.743150982 30.292254989),4,88,10/01/2006,09/30/2007,Austin,TX,16,44,5,189,6,43,10,44,217,50
,South Shore Apartments - Phase 1C,119288,1414 SHORE DISTRICT DR,78741,0,1,0,0,0,2-star,,Residential/ Retail/ Other,South Shore (PUD),No,Multifamily,MF-Rating 2010,2015,,POINT (-97.728559011 30.244028997),4,94,10/01/2014,09/30/2015,Austin,TX,180,25,2,327,6,8,3,64,309,55
,South Shore Apartments - Phase 1A,337447,1333 SHORE DISTRICT DR,78741,0,1,0,0,0,2-star,,Residential/ Office/ Retail/ Restaurant,South Shore (PUD),No,Multifamily,MF-Rating 2010,2014,,POINT (-97.727083963 30.243138),6,250,10/01/2013,09/30/2014,Austin,TX,180,25,2,327,6,8,3,64,309,55
,The Weaver,268417,1401 ART DILLY DR,78702,1,0,0,0,0,1-star,,Residential/ Office/ Retail/ Restaurant,S.M.A.R.T. Housing,No,Multifamily,MF-Rating 2016,2021,,POINT (-97.733151958 30.253407005),5,250,10/01/2020,09/30/2021,Austin,TX,25,26,2,47,6,7,3,35,309,1
,Manor House,6865,5907 MANOR RD,78723,0,1,0,0,0,2-star,,Residential,S.M.A.R.T. Housing,No,Multifamily,Pre 2007 Rating,2003,,POINT (-97.679156995 30.306785018),1,12,10/01/2002,09/30/2003,Austin,TX,165,14,9,211,6,19,8,26,309,33
,The Metropolis,0,2200 South Pleasant Valley Road,78741,0,0,0,0,0,pilot,,Residential,,Yes,Multifamily,Prior to Rating System,1999,,POINT (-97.72603698 30.231408994),2,308,10/01/1998,09/30/1999,Austin,TX,188,25,2,205,6,8,3,64,309,55
,The Nightingale at Goodnight Ranch,223226,5900 CHARLES MERLE DR,78747,1,0,0,0,0,1-star,,Residential/ Other,S.M.A.R.T. Housing,No,Multifamily,MF-Rating 2016,2020,,POINT (-97.754343002 30.157094998),3,174,10/01/2019,09/30/2020,Austin,TX,206,51,8,227,6,36,4,,484,4
,Domain W2/W3 Block,107784,3211 PALM WAY,78758,0,1,0,0,0,2-star,,Residential/ Retail,Domain (PDA),No,Multifamily,MF-Rating 2013,2017,,POINT (-97.723085041 30.402425006),5,94,10/01/2016,09/30/2017,Austin,TX,131,11,6,139,6,22,7,45,217,18
,The Willows,27606,1332 LAMAR SQUARE DR,78704,0,0,1,0,0,3-star,,Residential,S.M.A.R.T. Housing,No,Multifamily,MF-Rating Mixed Use 2008,2011,,POINT (-97.765219024 30.254332996),4,64,10/01/2010,09/30/2011,Austin,TX,28,24,7,288,6,9,1,2,217,75
,Primrose of Shadow Creek,144656,1026 CLAYTON LN,78723,0,1,0,0,0,2-star,,Residential,S.M.A.R.T. Housing,No,Multifamily,Pre 2007 Rating,2002,,POINT (-97.704420973 30.319836019),4,176,10/01/2001,09/30/2002,Austin,TX,163,14,9,212,6,19,8,84,309,33
,Shadow Brook Apartments,222068,811 W SLAUGHTER LN,78748,0,1,0,0,0,2-star,,Residential,S.M.A.R.T. Housing,No,Multifamily,Pre 2007 Rating,2007,,POINT (-97.804745984 30.173707008),3,248,10/01/2006,09/30/2007,Austin,TX,201,50,7,228,6,37,1,,329,22
,Pathways at Chalmers Courts East,192872,1700 E 3RD ST,78702,0,0,1,0,0,3-star,,Residential,S.M.A.R.T. Housing,No,Multifamily,MF-Rating 2016,2022,,POINT (-97.725576981 30.259723985),5,156,10/01/2021,09/30/2022,Austin,TX,24,26,2,290,6,7,3,35,309,1
,Sabina Apartments,340325,3400 HARMON AVE,78705,0,0,1,0,0,3-star,,Residential,East Avenue (PUD),No,Multifamily,MF-Rating 2010,2014,,POINT (-97.722748005 30.292978012),5,302,10/01/2013,09/30/2014,Austin,TX,12,44,5,341,6,43,10,50,217,50
,Korina at the Grove,458800,4424 JACKSON AVE,78731,0,1,0,0,0,2-star,,Residential/ Retail,The Grove (PUD),No,Multifamily,MF-Rating 2016,2021,,POINT (-97.752950014 30.31754998),5,370,10/01/2020,09/30/2021,Austin,TX,1,16,3,124,6,17,5,74,217,66
,The Pedernales Lofts,84694,2401 E 6TH ST,78702,0,0,0,0,1,5-star,,Residential/ Office,S.M.A.R.T. Housing,No,Multifamily,Pre 2007 Rating,2005,,POINT (-97.716173994 30.25923599),3,105,10/01/2004,09/30/2005,Austin,TX,24,26,2,290,6,7,3,66,309,1
,Urban Oaks,224990,6725 CIRCLE S RD,78745,1,0,0,0,0,1-star,,Residential,S.M.A.R.T. Housing,No,Multifamily,MF-Rating 2013,2018,,POINT (-97.776234019 30.189564983),3,194,10/01/2017,09/30/2018,Austin,TX,202,28,8,260,6,5,4,,372,23
,Westerly 360,179316,2500 WALSH TARLTON LN,78746,1,0,0,0,0,1-star,,Residential/ Office/ Other,,Yes,Multifamily,MF-Rating 2013,2019,,POINT (-97.811400042 30.260338001),4,148,10/01/2018,09/30/2019,Austin,TX,148,23,4,105,6,10,2,,126,29
,St. James Apartments,8686,5514 ROOSEVELT AVE,78756,1,0,0,0,0,1-star,,Residential,S.M.A.R.T. Housing,No,Multifamily,MF-Rating 2010,2014,,POINT (-97.732984991 30.326935994),3,9,10/01/2013,09/30/2014,Austin,TX,5,21,6,104,6,12,7,25,217,7
,3Waller,156425,710 E 3 ST,78701,1,0,0,0,0,1-star,,Residential/ Retail,Downtown (CBD-DMU),No,Multifamily,MF-Rating 2016,2022,,POINT (-97.736417967 30.26371201),5,259,10/01/2021,09/30/2022,Austin,TX,26,35,5,93,6,52,10,60,502,24
,Oak Springs Villas,38155,3001 OAK SPRINGS DR,78702,0,1,0,0,0,2-star,,Residential,S.M.A.R.T. Housing,No,Multifamily,Pre 2007 Rating,2004,,POINT (-97.701349006 30.272751013),2,56,10/01/2003,09/30/2004,Austin,TX,19,26,2,293,6,7,3,29,309,1
,AMLI at Lantana Hills Apartments,451790,7601 RIALTO BLVD,78735,0,1,0,0,0,2-star,,Residential,0,Yes,Multifamily,Pre 2007 Rating,2002,,POINT (-97.872657002 30.25293699),3,403,10/01/2001,09/30/2002,Austin,TX,147,1,4,218,6,32,2,73,295,49
,East Village Lofts,13879,1200 E 11TH ST,78702,0,0,1,0,0,3-star,,Residential/ Office,S.M.A.R.T. Housing,No,Multifamily,Pre 2007 Rating,2010,,POINT (-97.727544968 30.268962979),4,15,10/01/2009,09/30/2010,Austin,TX,22,26,9,89,6,7,8,56,309,1
,The Saint Mary,308755,7500 W SLAUGHTER LN,78749,1,0,0,0,0,1-star,,Residential/ Other,Circle C Restrictive Covenant,No,Multifamily,MF-Rating 2013,2020,,POINT (-97.892426978 30.217581997),2,240,10/01/2019,09/30/2020,Austin,TX,58,49,4,181,6,38,2,,531,53
,AMLI on 2nd,317000,421 W 3RD ST,78701,0,0,0,1,0,4-star,,Residential/ Office,Downtown (CBD-DMU),No,Multifamily,Pre 2007 Rating,2008,,POINT (-97.748045008 30.26591599),17,231,10/01/2007,09/30/2008,Austin,TX,26,35,5,93,6,52,10,60,217,24
,The Boulevard,122884,1201 GROVE BLVD,78741,0,0,1,0,0,3-star,,Residential,S.M.A.R.T. Housing,No,Multifamily,Pre 2007 Rating,2006,,POINT (-97.704005985 30.234110984),2,120,10/01/2005,09/30/2006,Austin,TX,190,25,2,78,6,8,3,46,365,55
,Fairfield South Lamar,233903,1515 S LAMAR BLVD,78704,0,1,0,0,0,2-star,,Residential,,Yes,Multifamily,MF-Rating 2016,2024,,POINT (-97.764393994 30.251560011),5,328,10/01/2023,09/30/2024,Austin,TX,28,24,7,288,6,9,1,2,217,75
,South Shore Apartments - Phase 1B,228197,1330 SHORE DISTRICT DR,78741,0,1,0,0,0,2-star,,Residential/ Retail/ Other,South Shore (PUD),No,Multifamily,MF-Rating 2010,2015,,POINT (-97.727734986 30.244240011),5,162,10/01/2014,09/30/2015,Austin,TX,180,25,2,327,6,8,3,64,309,55
,Lucero Apartment Homes,244838,2301 DURWOOD ST,78704,1,0,0,0,0,1-star,,Residential/ Other,S.M.A.R.T. Housing,No,Multifamily,MF-Rating 2010,2016,,POINT (-97.756748021 30.242051999),4,173,10/01/2015,09/30/2016,Austin,TX,30,24,5,271,6,9,10,42,217,75
,Cambrian East Riverside,67020,1806 CLUBVIEW AVE,78741,0,0,1,0,0,3-star,,Residential/ Retail,S.M.A.R.T. Housing,No,Multifamily,MF-Rating 2016,2022,,POINT (-97.706586019 30.227415017),4,65,10/01/2021,09/30/2022,Austin,TX,190,25,2,78,6,8,3,46,365,55
,Santora Villas,230000,1805 FRONTIER VALLEY DR,78741,0,1,0,0,0,2-star,,Residential,S.M.A.R.T. Housing,No,Multifamily,Pre 2007 Rating,2009,,POINT (-97.696359007 30.223111999),3,192,10/01/2008,09/30/2009,Austin,TX,184,25,2,276,6,8,3,46,114,55
,Villages at Fiskville,194658,10127 MIDDLE FISKVILLE RD,78753,1,0,0,0,0,1-star,,Residential/ Office/ Other,S.M.A.R.T. Housing,No,Multifamily,MF-Rating 2016,2019,,POINT (-97.681221961 30.36417),3,172,10/01/2018,09/30/2019,Austin,TX,118,40,1,140,6,47,9,87,217,78
,Vintage West Campus,116870,904 W 22ND HALF ST,78705,1,0,0,0,0,1-star,,Residential,University Neighborhood Overlay (UNO),No,Multifamily,MF-Rating Mixed Use 2008,2009,,POINT (-97.747049992 30.28561099),5,62,10/01/2008,09/30/2009,Austin,TX,17,44,5,48,6,43,10,44,217,50
,SOCO Apartments,108952,6300 S CONGRESS AVE,78745,0,1,0,0,0,2-star,,Residential,S.M.A.R.T. Housing,No,Multifamily,Pre 2007 Rating,2004,,POINT (-97.777460039 30.198509018),2,122,10/01/2003,09/30/2004,Austin,TX,192,28,8,134,6,5,4,1,373,23
